target_cbsa,cbsa_code,county_geoid,tract_geoid,year,eligible_v1,gate_pop,gate_price,gate_density,pop_growth_5yr,units_per_1k_3yr,pop_density,price_proxy_pctl,commute_intensity_b,growth_raw,units_raw,headroom_raw,price_raw,commute_raw,z_growth,z_units,z_headroom,z_price,z_commute,contrib_growth,contrib_units,contrib_headroom,contrib_price,contrib_commute,tract_score,tract_rank,why_tags,is_scored
27260,27260,12003,12003040101,2024,1,1,1,1,0.23321657910099242,14.950690335305719,288.5821301990919,0.392948717948718,20.64106824502031,0.23321657910099242,14.950690335305719,-288.5821301990919,-0.392948717948718,20.64106824502031,0.6222963626418765,-1.2531088955559597,1.107717812215431,0.12037837022274746,0.14839169606757843,0.2489185450567506,-0.31327722388898993,0.2215435624430862,0.012037837022274747,0.007419584803378922,0.17664230543650053,23,Low density headroom | Moderate price pressure,TRUE
27260,27260,12003,12003040102,2024,1,1,1,1,0.1279932782523456,15.68384026484585,80.67455805059053,0.28088827838827835,22.90505509458285,0.1279932782523456,15.68384026484585,-80.67455805059053,-0.28088827838827835,22.90505509458285,-0.5236719016481489,-1.2525351942539038,1.3022964418780223,0.7099078977119723,0.5641388866235391,-0.20946876065925957,-0.31313379856347595,0.26045928837560445,0.07099078977119723,0.028206944331176955,-0.16294553674475684,47,Low density headroom | Moderate price pressure,TRUE
27260,27260,12003,12003040201,2024,0,0,1,1,-0.21305463879721306,19.623071347209276,15.831189228987546,0.27433150183150184,33.91391194634438,NA,NA,NA,NA,NA,NA,NA,NA,NA,NA,NA,NA,NA,NA,NA,NA,NA,NA,FALSE
27260,27260,12003,12003040202,2024,0,0,1,1,-0.09110485340400862,23.024117611323735,110.98796253602929,0.35043040293040295,28.52091162749833,NA,NA,NA,NA,NA,NA,NA,NA,NA,NA,NA,NA,NA,NA,NA,NA,NA,NA,FALSE
27260,27260,12019,12019030103,2024,0,0,1,1,0.030122655122655124,359.0147668242573,598.6756615935731,0.12361263736263736,30.238671818201983,NA,NA,NA,NA,NA,NA,NA,NA,NA,NA,NA,NA,NA,NA,NA,NA,NA,NA,FALSE
27260,27260,12019,12019030104,2024,1,1,1,1,0.09740932642487046,484.02581051306265,113.49858364971345,0.49122710622710625,22.993470984178288,0.09740932642487046,484.02581051306265,-113.49858364971345,-0.49122710622710625,22.993470984178288,-0.8567562841774028,-0.8860502676205257,1.2715767626711234,-0.3966462999590254,0.5803751371595844,-0.34270251367096116,-0.22151256690513144,0.2543153525342247,-0.03966462999590254,0.029018756857979222,-0.3205456011797912,59,Low density headroom | Moderate price pressure,TRUE
27260,27260,12019,12019030105,2024,0,0,1,1,NA,546.901395927803,120.30817242377125,0.07531135531135531,32.5590831204531,NA,NA,NA,NA,NA,NA,NA,NA,NA,NA,NA,NA,NA,NA,NA,NA,NA,NA,FALSE
27260,27260,12019,12019030106,2024,0,0,1,1,NA,442.64536557282673,628.867308742885,0.20739468864468866,29.440805134235884,NA,NA,NA,NA,NA,NA,NA,NA,NA,NA,NA,NA,NA,NA,NA,NA,NA,NA,FALSE
27260,27260,12019,12019030204,2024,0,1,0,1,NA,239.83311888330022,378.9626622061772,0.7526007326007327,27.2349666097623,NA,NA,NA,NA,NA,NA,NA,NA,NA,NA,NA,NA,NA,NA,NA,NA,NA,NA,FALSE
27260,27260,12019,12019030205,2024,0,1,0,1,NA,115.21963098248573,1612.0133530614062,0.7455906593406594,16.756533701752144,NA,NA,NA,NA,NA,NA,NA,NA,NA,NA,NA,NA,NA,NA,NA,NA,NA,NA,FALSE
27260,27260,12019,12019030206,2024,1,1,1,1,NA,233.656220322887,1037.8683984820284,0.4292216117216117,21.416347887734318,NA,233.656220322887,-1037.8683984820284,-0.4292216117216117,21.416347887734318,-0.14363030827039658,-1.0819683930950488,0.40646824347267263,-0.07044670605287683,0.2907601614214555,-0.05745212330815863,-0.2704920982737622,0.08129364869453454,-0.007044670605287683,0.014538008071072776,-0.2391572354216012,52,Low density headroom | Moderate price pressure,TRUE
27260,27260,12019,12019030207,2024,0,0,0,1,NA,294.84229699932894,3087.8812013030856,0.7097985347985347,23.254029685892558,NA,NA,NA,NA,NA,NA,NA,NA,NA,NA,NA,NA,NA,NA,NA,NA,NA,NA,FALSE
27260,27260,12019,12019030208,2024,1,1,1,1,NA,640.9294571220173,2159.874632522332,0.5616483516483517,32.565143844569356,NA,640.9294571220173,-2159.874632522332,-0.5616483516483517,32.565143844569356,-0.14363030827039658,-0.76327070681047,-0.6436062354717954,-0.7671196240083951,2.338069136750282,-0.05745212330815863,-0.1908176767026175,-0.1287212470943591,-0.07671196240083951,0.11690345683751412,-0.33679955266846057,61,Low density headroom | High commute exposure,TRUE
27260,27260,12019,12019030209,2024,1,1,1,1,NA,418.3499965993335,3267.17957377788,0.42374084249084254,20.677575238768533,NA,418.3499965993335,-3267.17957377788,-0.42374084249084254,20.677575238768533,-0.14363030827039658,-0.9374426205864664,-1.679921920665918,-0.04161337907712318,0.1550956573071944,-0.05745212330815863,-0.2343606551466166,-0.3359843841331836,-0.004161337907712319,0.0077547828653597205,-0.6242037176303115,74,Low density headroom | Moderate price pressure,TRUE
27260,27260,12019,12019030210,2024,0,0,1,1,NA,428.76063014080586,710.3330163994467,0.6593589743589744,25.40423508936152,NA,NA,NA,NA,NA,NA,NA,NA,NA,NA,NA,NA,NA,NA,NA,NA,NA,NA,FALSE
27260,27260,12019,12019030303,2024,0,0,1,1,-0.11534995494142385,696.2082625919638,3205.6382916322477,0.43380494505494505,21.201411088894478,NA,NA,NA,NA,NA,NA,NA,NA,NA,NA,NA,NA,NA,NA,NA,NA,NA,NA,FALSE
27260,27260,12019,12019030304,2024,0,0,1,1,0.009204470742932281,445.24068041983355,3225.8487903156283,0.3403342490842491,14.852607709750567,NA,NA,NA,NA,NA,NA,NA,NA,NA,NA,NA,NA,NA,NA,NA,NA,NA,NA,FALSE
27260,27260,12019,12019030305,2024,0,0,1,0,NA,370.6314774644493,3995.89980624843,0.3289835164835165,24.951874979487,NA,NA,NA,NA,NA,NA,NA,NA,NA,NA,NA,NA,NA,NA,NA,NA,NA,NA,FALSE
27260,27260,12019,12019030306,2024,0,0,1,1,NA,659.9077352215428,1262.0962787511294,0.612275641025641,20.585116972279614,NA,NA,NA,NA,NA,NA,NA,NA,NA,NA,NA,NA,NA,NA,NA,NA,NA,NA,FALSE
27260,27260,12019,12019030400,2024,0,1,1,0,0.10647010647010648,758.8206266962744,4370.302476324097,0.3933470695970696,21.328771396929596,NA,NA,NA,NA,NA,NA,NA,NA,NA,NA,NA,NA,NA,NA,NA,NA,NA,NA,FALSE
27260,27260,12019,12019030500,2024,1,1,1,1,0.212,676.6776677667767,3050.3717602767224,0.405206043956044,24.537293727389336,0.212,676.6776677667767,-3050.3717602767224,-0.405206043956044,24.537293727389336,0.3912303712650341,-0.7352971721121476,-1.4770136436116041,0.05589481440479163,0.8638750030401703,0.15649214850601367,-0.1838242930280369,-0.2954027287223208,0.005589481440479164,0.04319375015200852,-0.27395164165185637,54,Low density headroom | Moderate price pressure | High commute exposure,TRUE
27260,27260,12019,12019030600,2024,1,1,1,1,0.11697606799373741,410.55933787211325,2171.4310743110373,0.5389835164835165,20.647363209915994,0.11697606799373741,410.55933787211325,-2171.4310743110373,-0.5389835164835165,20.647363209915994,-0.6436583800759244,-0.9435389330535251,-0.6544217944424694,-0.6478840613267057,0.1495476718500944,-0.25746335203036974,-0.23588473326338127,-0.1308843588884939,-0.06478840613267058,0.00747738359250472,-0.6815434667224107,75,Low density headroom,TRUE
27260,27260,12019,12019030701,2024,0,1,0,1,0.028443671593590857,247.62479871175526,1785.0242917459254,0.800673076923077,14.232793834232407,NA,NA,NA,NA,NA,NA,NA,NA,NA,NA,NA,NA,NA,NA,NA,NA,NA,NA,FALSE
27260,27260,12019,12019030704,2024,0,0,0,1,NA,349.34969046402,2940.883802751233,0.8949771062271062,15.874408766157643,NA,NA,NA,NA,NA,NA,NA,NA,NA,NA,NA,NA,NA,NA,NA,NA,NA,NA,FALSE
27260,27260,12019,12019030705,2024,0,0,0,1,NA,351.44554908010514,1773.4580923377437,0.8433241758241758,25.992382895174103,NA,NA,NA,NA,NA,NA,NA,NA,NA,NA,NA,NA,NA,NA,NA,NA,NA,NA,FALSE
27260,27260,12019,12019030706,2024,0,0,1,1,NA,705.3090241944732,2520.1680972475833,0.6690201465201465,21.90556172586232,NA,NA,NA,NA,NA,NA,NA,NA,NA,NA,NA,NA,NA,NA,NA,NA,NA,NA,FALSE
27260,27260,12019,12019030707,2024,0,1,0,1,NA,266.8315113656082,1482.2488211086616,0.7514423076923077,16.915173271524676,NA,NA,NA,NA,NA,NA,NA,NA,NA,NA,NA,NA,NA,NA,NA,NA,NA,NA,FALSE
27260,27260,12019,12019030708,2024,0,0,1,1,NA,489.22293804183573,2561.0671782564623,0.5933516483516483,15.65381528782053,NA,NA,NA,NA,NA,NA,NA,NA,NA,NA,NA,NA,NA,NA,NA,NA,NA,NA,FALSE
27260,27260,12019,12019030801,2024,0,0,1,1,-0.05818626594443474,380.395794681509,2579.094665224959,0.5492445054945054,19.627506988384877,NA,NA,NA,NA,NA,NA,NA,NA,NA,NA,NA,NA,NA,NA,NA,NA,NA,NA,FALSE
27260,27260,12019,12019030802,2024,0,0,1,1,-0.08813291139240506,355.77534848747763,1781.627976246996,0.30076465201465197,19.268819076378843,NA,NA,NA,NA,NA,NA,NA,NA,NA,NA,NA,NA,NA,NA,NA,NA,NA,NA,FALSE
27260,27260,12019,12019030903,2024,0,0,1,1,-0.061783290428270535,511.4326099609213,1754.0544840083237,0.4035393772893773,21.923262991396935,NA,NA,NA,NA,NA,NA,NA,NA,NA,NA,NA,NA,NA,NA,NA,NA,NA,NA,FALSE
27260,27260,12019,12019030904,2024,1,1,1,1,0.13017098731384447,250.16268098259314,2581.1242349435256,0.6404166666666666,23.87979609912847,0.13017098731384447,250.16268098259314,-2581.1242349435256,-0.6404166666666666,23.87979609912847,-0.4999548593846282,-1.0690518291137276,-1.0378495501235656,-1.181505358314071,0.743135436112261,-0.19998194375385128,-0.2672629572784319,-0.20756991002471314,-0.11815053583140711,0.03715677180561305,-0.7558085750827904,76,Low density headroom | High commute exposure,TRUE
27260,27260,12019,12019030905,2024,1,1,1,1,NA,340.07850942666005,1646.731056229136,0.42107142857142854,17.022655801406625,NA,340.07850942666005,-1646.731056229136,-0.42107142857142854,17.022655801406625,-0.14363030827039658,-0.9986912851440325,-0.16336026432470185,-0.027570079472390485,-0.5160754177744462,-0.05745212330815863,-0.24967282128600812,-0.03267205286494037,-0.0027570079472390486,-0.02580377088872231,-0.36835777629506844,64,Low density headroom | Moderate price pressure,TRUE
27260,27260,12019,12019030906,2024,1,1,1,1,NA,415.2994396056985,3000.2274321303034,0.2823992673992674,23.875864682704293,NA,415.2994396056985,-3000.2274321303034,-0.2823992673992674,23.875864682704293,-0.14363030827039658,-0.9398297292101303,-1.4300840654569786,0.7019588601998594,0.7424134905172268,-0.05745212330815863,-0.23495743230253258,-0.28601681309139576,0.07019588601998594,0.03712067452586134,-0.4711098081562397,67,Low density headroom | Moderate price pressure | High commute exposure,TRUE
27260,27260,12019,12019031101,2024,1,1,1,1,-0.060382916053019146,642.7377220480669,177.24117816598678,0.5416666666666666,23.28961410726078,-0.060382916053019146,642.7377220480669,-177.24117816598678,-0.5416666666666666,23.28961410726078,-2.5752435467174415,-0.7618557111857863,1.2119207022210707,-0.6619996249088206,0.6347573750457293,-1.0300974186869767,-0.19046392779644658,0.24238414044421416,-0.06619996249088206,0.031737868752286465,-1.0126392997778046,79,Low density headroom,TRUE
27260,27260,12019,12019031104,2024,1,1,1,1,0.18263319672131148,444.08345967800165,583.6560591059302,0.23466117216117216,22.5965971002164,0.18263319672131148,444.08345967800165,-583.6560591059302,-0.23466117216117216,22.5965971002164,0.07140173721151412,-0.9173057827040744,0.8315610559100868,0.9531002695976961,0.5074952075371711,0.02856069488460565,-0.2293264456760186,0.16631221118201736,0.09531002695976962,0.025374760376858558,0.08623124772723258,33,Low density headroom | Moderate price pressure,TRUE
27260,27260,12019,12019031105,2024,0,0,1,1,-0.11044477761119441,1151.87265917603,25.511705173457898,0.25,34.81777537407608,NA,NA,NA,NA,NA,NA,NA,NA,NA,NA,NA,NA,NA,NA,NA,NA,NA,NA,FALSE
27260,27260,12019,12019031108,2024,1,1,1,1,0.15597667638483964,1292.7700714585962,335.89703705232597,0.3028113553113553,35.709190963734486,0.15597667638483964,1292.7700714585962,-335.89703705232597,-0.3028113553113553,35.709190963734486,-0.2189096871177602,-0.253195217323188,1.0634362613177104,0.5945745898089565,2.9154261814791576,-0.0875638748471041,-0.063298804330797,0.2126872522635421,0.059457458980895654,0.14577130907395788,0.26705334114049456,18,Low density headroom | Moderate price pressure | High commute exposure,TRUE
27260,27260,12019,12019031109,2024,0,0,1,1,NA,655.2679237242996,429.69528267541574,0.08237179487179487,31.922767706816675,NA,NA,NA,NA,NA,NA,NA,NA,NA,NA,NA,NA,NA,NA,NA,NA,NA,NA,FALSE
27260,27260,12019,12019031110,2024,1,1,1,1,NA,391.8832823649338,199.13548369842246,0.10348443223443224,24.21161638256129,NA,391.8832823649338,-199.13548369842246,-0.10348443223443224,24.21161638256129,-0.14363030827039658,-0.9581532389819944,1.1914300393563604,1.6431971656113753,0.8040692487946682,-0.05745212330815863,-0.2395383097454986,0.23828600787127208,0.16431971656113753,0.04020346243973341,0.14581875381848577,29,Low density headroom | Moderate price pressure | High commute exposure,TRUE
27260,27260,12019,12019031201,2024,0,0,1,1,NA,748.0238355831206,66.32605605698066,0.4051602564102564,25.996717586163367,NA,NA,NA,NA,NA,NA,NA,NA,NA,NA,NA,NA,NA,NA,NA,NA,NA,NA,FALSE
27260,27260,12019,12019031202,2024,0,1,0,1,NA,187.75946275946276,641.8915713016021,0.7001648351648351,29.46953371082482,NA,NA,NA,NA,NA,NA,NA,NA,NA,NA,NA,NA,NA,NA,NA,NA,NA,NA,FALSE
27260,27260,12019,12019031203,2024,1,1,1,1,NA,363.9214294166371,813.3507879971074,0.6004441391941393,14.8804813694408,NA,363.9214294166371,-813.3507879971074,-0.6004441391941393,14.8804813694408,-0.14363030827039658,-0.9800338268371865,0.6165920428697994,-0.9712171841300019,-0.9094535868846999,-0.05745212330815863,-0.24500845670929663,0.12331840857395988,-0.0971217184130002,-0.045472679344235,-0.32173656920073057,60,Low density headroom,TRUE
27260,27260,12019,12019031301,2024,1,1,1,1,NA,758.5398939449994,391.87986578063806,0.45242216117216116,18.820655835891294,NA,758.5398939449994,-391.87986578063806,-0.45242216117216116,18.820655835891294,-0.14363030827039658,-0.6712386980465613,1.0110424885175067,-0.1925005638524968,-0.18589970889126045,-0.05745212330815863,-0.16780967451164033,0.20220849770350136,-0.01925005638524968,-0.009294985444563022,-0.051598341946110314,38,Low density headroom | Moderate price pressure,TRUE
27260,27260,12019,12019031302,2024,0,1,0,1,NA,495.01046193465316,1883.570500911295,0.8571199633699633,20.451181249816155,NA,NA,NA,NA,NA,NA,NA,NA,NA,NA,NA,NA,NA,NA,NA,NA,NA,NA,FALSE
27260,27260,12019,12019031303,2024,1,1,1,1,NA,597.7648202137998,490.7768487002163,0.636437728937729,25.27965539746609,NA,597.7648202137998,-490.7768487002163,-0.636437728937729,25.27965539746609,-0.14363030827039658,-0.7970477112119344,0.9184857854816431,-1.1605728928655084,1.000198576991352,-0.05745212330815863,-0.1992619278029836,0.1836971570963286,-0.11605728928655085,0.0500099288495676,-0.13906425445179685,45,Low density headroom | High commute exposure,TRUE
27260,27260,12019,12019031400,2024,0,0,1,1,0.15699390123942553,348.63685314288955,2213.5096728584194,0.1145558608058608,22.104876785315664,NA,NA,NA,NA,NA,NA,NA,NA,NA,NA,NA,NA,NA,NA,NA,NA,NA,NA,FALSE
27260,27260,12019,12019031500,2024,0,0,1,1,-0.09000957548675391,719.162866830352,30.137948810984653,0.2873260073260073,34.63055765981003,NA,NA,NA,NA,NA,NA,NA,NA,NA,NA,NA,NA,NA,NA,NA,NA,NA,NA,FALSE
27260,27260,12019,12019980000,2024,1,1,1,1,NA,4447.5777295733915,4.247534624997242,0.4381776556776557,35.70831122624138,NA,4447.5777295733915,-4.247534624997242,-0.4381776556776557,35.70831122624138,-0.14363030827039658,2.2154911840126794,1.3738237332299736,-0.11756281930648994,2.9152646308980414,-0.05745212330815863,0.5538727960031699,0.27476474664599476,-0.011756281930648996,0.1457632315449021,0.905192368955259,7,High housing pipeline | Low density headroom | Moderate price pressure | High commute exposure,TRUE
27260,27260,12031,12031000101,2024,1,1,1,1,NA,3191.0667125961645,2155.815856715466,0.09109890109890109,23.669996064864275,NA,3191.0667125961645,-2155.815856715466,-0.09109890109890109,23.669996064864275,-0.14363030827039658,1.232251634444073,-0.6398076675483358,1.7083551852182381,0.7046088100230957,-0.05745212330815863,0.30806290861101826,-0.12796153350966719,0.17083551852182383,0.035230440501154786,0.32871521081617106,15,High housing pipeline | Low density headroom | Moderate price pressure | High commute exposure,TRUE
27260,27260,12031,12031000102,2024,0,0,1,1,NA,4218.4274438372795,3095.5089705633777,0.12832417582417582,33.18127121575432,NA,NA,NA,NA,NA,NA,NA,NA,NA,NA,NA,NA,NA,NA,NA,NA,NA,NA,FALSE
27260,27260,12031,12031000200,2024,1,1,1,1,0.11601731601731602,3593.3540212050684,1817.363359600688,0.013594322344322344,24.788750636265984,0.11601731601731602,3593.3540212050684,-1817.363359600688,-0.013594322344322344,24.788750636265984,-0.6540999774164661,1.5470477538329368,-0.32305334054654106,2.116092633604693,0.9100512886628332,-0.26163999096658647,0.3867619384582342,-0.06461066810930821,0.21160926336046929,0.045502564433141664,0.3176231071759505,16,High housing pipeline | Low density headroom | Moderate price pressure | High commute exposure,TRUE
27260,27260,12031,12031000300,2024,0,0,1,1,-0.17512348450830714,5042.823444021048,1639.7035727497823,0.04902930402930403,27.096437072194146,NA,NA,NA,NA,NA,NA,NA,NA,NA,NA,NA,NA,NA,NA,NA,NA,NA,NA,FALSE
27260,27260,12031,12031000600,2024,0,1,1,0,0.13004651162790698,1525.134452859181,3616.351380587478,0.3654349816849817,11.943576885272924,NA,NA,NA,NA,NA,NA,NA,NA,NA,NA,NA,NA,NA,NA,NA,NA,NA,NA,FALSE
27260,27260,12031,12031000700,2024,0,0,1,0,-0.03572230959334981,2158.356632494563,3520.4231544957984,0.6585851648351648,10.519746161549596,NA,NA,NA,NA,NA,NA,NA,NA,NA,NA,NA,NA,NA,NA,NA,NA,NA,NA,FALSE
27260,27260,12031,12031000800,2024,0,1,1,0,0.19095477386934673,2791.9429375125574,4330.241389783501,0.6399954212454213,11.45617847577307,NA,NA,NA,NA,NA,NA,NA,NA,NA,NA,NA,NA,NA,NA,NA,NA,NA,NA,FALSE
27260,27260,12031,12031001000,2024,0,0,1,0,-0.02424530544330877,2256.6788469346325,9052.7333369060525,0,17.97504,NA,NA,NA,NA,NA,NA,NA,NA,NA,NA,NA,NA,NA,NA,NA,NA,NA,NA,FALSE
27260,27260,12031,12031001100,2024,0,1,1,0,0.21069348861831658,4050.57571782539,5635.540822842451,0.39108974358974363,11.274813558433417,NA,NA,NA,NA,NA,NA,NA,NA,NA,NA,NA,NA,NA,NA,NA,NA,NA,NA,FALSE
27260,27260,12031,12031001200,2024,0,1,1,0,0.10319685922602355,4709.540755804101,3679.6034260323836,0.4617307692307692,12.899092148545707,NA,NA,NA,NA,NA,NA,NA,NA,NA,NA,NA,NA,NA,NA,NA,NA,NA,NA,FALSE
27260,27260,12031,12031001300,2024,0,0,1,0,-0.059802392095683825,2561.8547197640114,4101.794204638215,0.03298992673992674,15.663713254017656,NA,NA,NA,NA,NA,NA,NA,NA,NA,NA,NA,NA,NA,NA,NA,NA,NA,NA,FALSE
27260,27260,12031,12031001401,2024,0,1,1,0,NA,2710.2594109615757,3692.2500610517923,0.11485805860805862,21.991618283810492,NA,NA,NA,NA,NA,NA,NA,NA,NA,NA,NA,NA,NA,NA,NA,NA,NA,NA,FALSE
27260,27260,12031,12031001402,2024,1,1,1,1,NA,4251.338534495946,2331.9805248012854,0.057907509157509154,17.68662648077286,NA,4251.338534495946,-2331.9805248012854,-0.057907509157509154,17.68662648077286,-0.14363030827039658,2.061930940474321,-0.8046784289009835,1.882969042567645,-0.39414717220562456,-0.05745212330815863,0.5154827351185802,-0.1609356857801967,0.1882969042567645,-0.01970735861028123,0.4656844716767082,12,High housing pipeline | Low density headroom | Moderate price pressure,TRUE
27260,27260,12031,12031001500,2024,0,0,1,0,-0.3158990974311502,3133.8520523229586,3965.7199849955487,0.03646978021978022,21.060059752172595,NA,NA,NA,NA,NA,NA,NA,NA,NA,NA,NA,NA,NA,NA,NA,NA,NA,NA,FALSE
27260,27260,12031,12031001600,2024,0,1,1,0,0.24181696726786908,4983.145060068136,3839.081495860247,0.0015384615384615385,15.259572372470966,NA,NA,NA,NA,NA,NA,NA,NA,NA,NA,NA,NA,NA,NA,NA,NA,NA,NA,FALSE
27260,27260,12031,12031002101,2024,0,0,1,0,0.07201516108654453,2729.424474562954,5449.375085382105,0.4211263736263736,13.22296042571987,NA,NA,NA,NA,NA,NA,NA,NA,NA,NA,NA,NA,NA,NA,NA,NA,NA,NA,FALSE
27260,27260,12031,12031002102,2024,0,0,1,0,-0.1704854368932039,4336.922596754057,5780.462339301332,0.6591163003663003,11.568889062253437,NA,NA,NA,NA,NA,NA,NA,NA,NA,NA,NA,NA,NA,NA,NA,NA,NA,NA,FALSE
27260,27260,12031,12031002200,2024,0,1,1,0,0.15922375496843583,1868.4281296221593,4512.172822746987,0.6356043956043956,12.68052298809629,NA,NA,NA,NA,NA,NA,NA,NA,NA,NA,NA,NA,NA,NA,NA,NA,NA,NA,FALSE
27260,27260,12031,12031002300,2024,0,1,1,0,0.22303921568627452,4641.115564462258,3423.677626050131,0.4471794871794872,11.099526239067057,NA,NA,NA,NA,NA,NA,NA,NA,NA,NA,NA,NA,NA,NA,NA,NA,NA,NA,FALSE
27260,27260,12031,12031002400,2024,0,0,0,1,0.0162900683131897,4789.900034470872,2641.7494619972854,0.8392857142857143,16.64777187678006,NA,NA,NA,NA,NA,NA,NA,NA,NA,NA,NA,NA,NA,NA,NA,NA,NA,NA,FALSE
27260,27260,12031,12031002501,2024,0,0,1,0,0.00594161715319039,2378.9590823489125,5964.009081744899,0.2453021978021978,16.68384390611745,NA,NA,NA,NA,NA,NA,NA,NA,NA,NA,NA,NA,NA,NA,NA,NA,NA,NA,FALSE
27260,27260,12031,12031002502,2024,0,0,1,0,-0.06972428419936373,2639.9734017288874,4406.176745677354,0.32089285714285715,16.358588981371383,NA,NA,NA,NA,NA,NA,NA,NA,NA,NA,NA,NA,NA,NA,NA,NA,NA,NA,FALSE
27260,27260,12031,12031002600,2024,0,0,1,1,-0.0077474892395982785,2678.908810487758,2001.9972374827128,0.09682234432234432,20.22473431244926,NA,NA,NA,NA,NA,NA,NA,NA,NA,NA,NA,NA,NA,NA,NA,NA,NA,NA,FALSE
27260,27260,12031,12031002701,2024,1,1,1,1,0.10021651716671821,2604.3482335301283,2044.8501471423872,0.19591575091575092,22.16481948902951,0.10021651716671821,2604.3482335301283,-2044.8501471423872,-0.19591575091575092,22.16481948902951,-0.8261836688344042,0.7731352357130281,-0.5359559632302042,1.156932861802232,0.4282057324986572,-0.3304734675337617,0.19328380892825703,-0.10719119264604085,0.11569328618022322,0.02141028662493286,-0.10727727844638948,42,High housing pipeline | Low density headroom | Moderate price pressure,TRUE
27260,27260,12031,12031002702,2024,0,0,1,0,0.050976655550262026,2099.6524629797523,5336.4907032188075,0.11001373626373627,27.736082332166294,NA,NA,NA,NA,NA,NA,NA,NA,NA,NA,NA,NA,NA,NA,NA,NA,NA,NA,FALSE
27260,27260,12031,12031002801,2024,0,0,1,1,0.004259134723156243,2067.782738095238,3135.586452185487,0.06257326007326007,19.242560786790115,NA,NA,NA,NA,NA,NA,NA,NA,NA,NA,NA,NA,NA,NA,NA,NA,NA,NA,FALSE
27260,27260,12031,12031002802,2024,0,0,1,0,0.14595872742906277,1737.6977427624583,6141.007628299327,0.03379578754578755,20.215196944830197,NA,NA,NA,NA,NA,NA,NA,NA,NA,NA,NA,NA,NA,NA,NA,NA,NA,NA,FALSE
27260,27260,12031,12031002901,2024,0,0,1,0,-0.16693899782135077,3028.331698812248,4769.189798179689,0.09041666666666667,24.539128636455253,NA,NA,NA,NA,NA,NA,NA,NA,NA,NA,NA,NA,NA,NA,NA,NA,NA,NA,FALSE
27260,27260,12031,12031002902,2024,0,0,1,0,0.11913145539906103,2428.8585911553923,6851.326160442603,0.13354395604395605,19.1874654705377,NA,NA,NA,NA,NA,NA,NA,NA,NA,NA,NA,NA,NA,NA,NA,NA,NA,NA,FALSE
27260,27260,12031,12031010101,2024,0,0,1,1,0.1299028016009148,937.5231926593124,972.1707072704583,0.36838827838827837,18.51080188886484,NA,NA,NA,NA,NA,NA,NA,NA,NA,NA,NA,NA,NA,NA,NA,NA,NA,NA,FALSE
27260,27260,12031,12031010104,2024,1,1,1,1,NA,1235.1555555555556,508.87138691522586,0.540242673992674,19.24295458227869,NA,1235.1555555555556,-508.87138691522586,-0.540242673992674,19.24295458227869,-0.14363030827039658,-0.29827947834415264,0.901551287070305,-0.6545082592534662,-0.10835088504549126,-0.05745212330815863,-0.07456986958603816,0.180310257414061,-0.06545082592534662,-0.005417544252274563,-0.02258010565775698,36,Low density headroom,TRUE
27260,27260,12031,12031010105,2024,0,1,0,1,NA,3668.7788778877884,85.09735598088331,0.7886904761904762,21.74394929846939,NA,NA,NA,NA,NA,NA,NA,NA,NA,NA,NA,NA,NA,NA,NA,NA,NA,NA,FALSE
27260,27260,12031,12031010106,2024,0,0,0,1,NA,1522.1272866688573,1419.0652678910062,0.7798901098901099,21.3043393720311,NA,NA,NA,NA,NA,NA,NA,NA,NA,NA,NA,NA,NA,NA,NA,NA,NA,NA,FALSE
27260,27260,12031,12031010107,2024,1,1,1,1,NA,1556.134162047147,174.0514930957461,0.5863095238095238,19.37535363243358,NA,1556.134162047147,-174.0514930957461,-0.5863095238095238,19.37535363243358,-0.14363030827039658,-0.04710869177422381,1.2149058967650164,-0.8968575514030571,-0.0840377874915855,-0.05745212330815863,-0.011777172943555953,0.24298117935300328,-0.08968575514030572,-0.004201889374579275,0.07986423858640371,34,Low density headroom,TRUE
27260,27260,12031,12031010202,2024,0,0,1,1,0.032957244655581946,2662.7383347705277,488.59856628193694,0.382051282051282,20.063102398634285,NA,NA,NA,NA,NA,NA,NA,NA,NA,NA,NA,NA,NA,NA,NA,NA,NA,NA,FALSE
27260,27260,12031,12031010203,2024,1,1,1,1,NA,1169.8025845014101,1452.60345621001,0.5925961538461538,14.092913660069929,NA,1169.8025845014101,-1452.60345621001,-0.5925961538461538,14.092913660069929,-0.14363030827039658,-0.3494192017162818,0.018321826428727237,-0.9299303650519376,-1.0540785711715126,-0.05745212330815863,-0.08735480042907046,0.0036643652857454474,-0.09299303650519376,-0.052703928558575634,-0.28683952351525305,55,Low density headroom,TRUE
27260,27260,12031,12031010204,2024,1,1,1,1,NA,1912.7950994562598,2406.322086593064,0.6181684981684982,19.032770037558905,NA,1912.7950994562598,-2406.322086593064,-0.6181684981684982,19.032770037558905,-0.14363030827039658,0.2319840775756918,-0.8742539574444512,-1.0644618029463284,-0.14694812070629848,-0.05745212330815863,0.05799601939392295,-0.17485079148889027,-0.10644618029463285,-0.0073474060353149245,-0.2881004817330737,56,Low density headroom,TRUE
27260,27260,12031,12031010301,2024,1,1,1,1,0.44716692189892804,1089.2024299431705,167.50128201490915,0.5638461538461539,17.4024437296646,0.44716692189892804,1089.2024299431705,-167.50128201490915,-0.5638461538461539,17.4024437296646,2.95239151269874,-0.4124900849733603,1.2210361741904083,-0.7786818603896497,-0.4463330673668757,1.180956605079496,-0.10312252124334008,0.24420723483808168,-0.07786818603896498,-0.02231665336834379,1.2218564792669289,3,High growth | Low density headroom,TRUE
27260,27260,12031,12031010305,2024,0,0,1,1,NA,1274.9334801357923,2678.8704968641464,0.44033882783882783,20.71117609336445,NA,NA,NA,NA,NA,NA,NA,NA,NA,NA,NA,NA,NA,NA,NA,NA,NA,NA,FALSE
27260,27260,12031,12031010306,2024,1,1,1,1,NA,6094.517543859649,1690.600021347625,0.187518315018315,20.09907757947239,NA,6094.517543859649,-1690.600021347625,-0.187518315018315,20.09907757947239,-0.14363030827039658,3.504247382156522,-0.2044167926139874,1.2011102399756095,0.0488632484740585,-0.05745212330815863,0.8760618455391305,-0.04088335852279748,0.12011102399756096,0.002443162423702925,0.9002805501294382,8,High housing pipeline | Low density headroom | Moderate price pressure,TRUE
27260,27260,12031,12031010307,2024,1,1,1,1,NA,2618.334275485208,1673.0181284602859,0.38321428571428573,17.915179870692036,NA,2618.334275485208,-1673.0181284602859,-0.38321428571428573,17.915179870692036,-0.14363030827039658,0.7840795325845686,-0.1879620738678642,0.1715894421947216,-0.3521767739370571,-0.05745212330815863,0.19601988314614216,-0.03759241477357284,0.01715894421947216,-0.017608838696852855,0.10052545058703,32,High housing pipeline | Low density headroom | Moderate price pressure,TRUE
27260,27260,12031,12031010308,2024,0,1,1,0,NA,1622.6426110819173,3916.9465488091664,0.2999313186813187,17.223422391924686,NA,NA,NA,NA,NA,NA,NA,NA,NA,NA,NA,NA,NA,NA,NA,NA,NA,NA,FALSE
27260,27260,12031,12031010401,2024,0,0,1,0,-0.17299205648720212,3295.5057512154626,3442.939262015599,0.3765476190476191,12.924970105620144,NA,NA,NA,NA,NA,NA,NA,NA,NA,NA,NA,NA,NA,NA,NA,NA,NA,NA,FALSE
27260,27260,12031,12031010402,2024,1,1,1,1,0.2607539874335428,1775.6692863075841,1987.4159400818728,0.218489010989011,14.302995867768596,0.2607539874335428,1775.6692863075841,-1987.4159400818728,-0.218489010989011,14.302995867768596,0.9222013815434409,0.12468098119784574,-0.48220385987915293,1.038179058969762,-1.0155001281680158,0.3688805526173764,0.031170245299461434,-0.09644077197583059,0.1038179058969762,-0.0507750064084008,0.3566529254295827,14,Low density headroom | Moderate price pressure,TRUE
27260,27260,12031,12031010501,2024,1,1,1,1,NA,1632.6518622958524,266.4001432039534,0.5327380952380952,19.098444265405945,NA,1632.6518622958524,-266.4001432039534,-0.5327380952380952,19.098444265405945,-0.14363030827039658,0.012767607048491912,1.128477713300826,-0.6150280396099735,-0.13488803487823156,-0.05745212330815863,0.003191901762122978,0.2256955426601652,-0.06150280396099736,-0.006744401743911579,0.1031881154092206,31,Low density headroom,TRUE
27260,27260,12031,12031010502,2024,1,1,1,1,NA,2364.9902135988423,388.7882196090272,0.6109294871794871,20.236350236872156,NA,2364.9902135988423,-388.7882196090272,-0.6109294871794871,20.236350236872156,-0.14363030827039658,0.5858338364232385,1.0139359294309715,-1.0263786868655704,0.07407131081997326,-0.05745212330815863,0.14645845910580962,0.20278718588619432,-0.10263786868655705,0.003703565540998663,0.19285921853828691,22,High housing pipeline | Low density headroom,TRUE
27260,27260,12031,12031010503,2024,0,0,1,1,NA,1411.283770058907,1814.6611433705727,0.28311355311355313,15.951611844827232,NA,NA,NA,NA,NA,NA,NA,NA,NA,NA,NA,NA,NA,NA,NA,NA,NA,NA,FALSE
27260,27260,12031,12031010601,2024,1,1,1,1,NA,2023.0763631069374,220.46241842521704,0.22515567765567765,22.092591623550344,NA,2023.0763631069374,-220.46241842521704,-0.22515567765567765,22.092591623550344,-0.14363030827039658,0.31828089354679623,1.171470373187592,1.0031069419466228,0.4149421695240666,-0.05745212330815863,0.07957022338669906,0.2342940746375184,0.10031069419466228,0.02074710847620333,0.3774699773869244,13,Low density headroom | Moderate price pressure,TRUE
27260,27260,12031,12031010602,2024,1,1,1,1,NA,2255.030834144758,101.00759094804542,0.5252335164835165,25.226024527458044,NA,2255.030834144758,-101.00759094804542,-0.5252335164835165,25.226024527458044,-0.14363030827039658,0.49978889987714153,1.2832669585495111,-0.5755478199664807,0.9903500729961872,-0.05745212330815863,0.12494722496928538,0.25665339170990226,-0.057554781996648076,0.049517503649809363,0.31611121502419026,17,High housing pipeline | Low density headroom | High commute exposure,TRUE
27260,27260,12031,12031010700,2024,0,0,1,1,-0.20861937452326468,2232.208835341365,1478.7334573485418,0.22191849816849818,18.332224301750554,NA,NA,NA,NA,NA,NA,NA,NA,NA,NA,NA,NA,NA,NA,NA,NA,NA,NA,FALSE
27260,27260,12031,12031010800,2024,0,1,1,0,0.1904566022213081,1600.4952775858096,4724.822658264619,0.2893086080586081,23.134623965404426,NA,NA,NA,NA,NA,NA,NA,NA,NA,NA,NA,NA,NA,NA,NA,NA,NA,NA,FALSE
27260,27260,12031,12031010900,2024,1,1,1,1,0.1698000596836765,2363.1802721088434,1975.8938967113734,0.23402472527472526,24.76816104922077,0.1698000596836765,2363.1802721088434,-1975.8938967113734,-0.23402472527472526,24.76816104922077,-0.06836167695440551,0.5844175288610071,-0.4714204940460731,0.9564485005497678,0.9062703201601188,-0.027344670781762205,0.14610438221525177,-0.09428409880921462,0.09564485005497679,0.04531351600800594,0.16543397868725768,24,High housing pipeline | Low density headroom | Moderate price pressure | High commute exposure,TRUE
27260,27260,12031,12031011000,2024,0,0,1,1,-0.11985559566787003,2533.1328046668486,2399.2390897232885,0.14106227106227104,20.953609329785415,NA,NA,NA,NA,NA,NA,NA,NA,NA,NA,NA,NA,NA,NA,NA,NA,NA,NA,FALSE
27260,27260,12031,12031011100,2024,0,0,1,1,0.07858990944372575,2777.7111444277857,3069.7030832647647,0.2141254578754579,15.136191521349616,NA,NA,NA,NA,NA,NA,NA,NA,NA,NA,NA,NA,NA,NA,NA,NA,NA,NA,FALSE
27260,27260,12031,12031011200,2024,0,0,1,0,-0.12468513853904283,3332.2541966426857,3471.3485137351713,0.09319139194139195,13.875707187333388,NA,NA,NA,NA,NA,NA,NA,NA,NA,NA,NA,NA,NA,NA,NA,NA,NA,NA,FALSE
27260,27260,12031,12031011300,2024,0,1,1,0,0.17408906882591094,2661.973180076628,3543.671602204123,0.25659798534798534,12.44303443541042,NA,NA,NA,NA,NA,NA,NA,NA,NA,NA,NA,NA,NA,NA,NA,NA,NA,NA,FALSE
27260,27260,12031,12031011400,2024,0,0,1,1,-0.04413731609451627,4320.7400497512435,2338.0353570694865,0.2855494505494505,26.150137976062915,NA,NA,NA,NA,NA,NA,NA,NA,NA,NA,NA,NA,NA,NA,NA,NA,NA,NA,FALSE
27260,27260,12031,12031011500,2024,0,0,1,1,-0.06143759106362312,2396.808969383355,2456.903405750953,0.07442765567765568,16.999937744404125,NA,NA,NA,NA,NA,NA,NA,NA,NA,NA,NA,NA,NA,NA,NA,NA,NA,NA,FALSE
27260,27260,12031,12031011600,2024,1,1,1,1,0.16575790621592149,2166.432803242906,2749.7938322493856,0.08267399267399267,15.690371975580302,0.16575790621592149,2166.432803242906,-2749.7938322493856,-0.08267399267399267,15.690371975580302,-0.11238405180938232,0.4304595531228495,-1.1957057492526357,1.752677091346381,-0.7607293377905749,-0.04495362072375293,0.10761488828071238,-0.23914114985052715,0.1752677091346381,-0.03803646688952875,-0.03924864004845835,37,Low density headroom | Moderate price pressure,TRUE
27260,27260,12031,12031011700,2024,1,1,1,1,0.3059593023255814,2577.5366351326284,524.6192098369011,0.21062271062271062,15.146675971685491,0.3059593023255814,2577.5366351326284,-524.6192098369011,-0.21062271062271062,15.146675971685491,1.4145244300099415,0.7521547400584883,0.8868130561698928,1.0795622300176695,-0.8605709451653912,0.5658097720039766,0.18803868501462206,0.17736261123397856,0.10795622300176695,-0.043028547258269566,0.9961387439960746,5,High growth | High housing pipeline | Low density headroom | Moderate price pressure,TRUE
27260,27260,12031,12031011800,2024,0,0,1,1,0.026889040163376447,3070.489448679704,696.5185304360475,0.16842490842490843,25.016550925925923,NA,NA,NA,NA,NA,NA,NA,NA,NA,NA,NA,NA,NA,NA,NA,NA,NA,NA,FALSE
27260,27260,12031,12031011901,2024,0,0,1,1,-0.014653931702211173,1230.0712610100472,804.9229522273303,0.2994276556776557,18.558172260150787,NA,NA,NA,NA,NA,NA,NA,NA,NA,NA,NA,NA,NA,NA,NA,NA,NA,NA,FALSE
27260,27260,12031,12031011903,2024,1,1,1,1,-0.018836869056327726,1726.6853059956507,1938.8895006381167,0.5270695970695971,19.317253171916143,-0.018836869056327726,1726.6853059956507,-1938.8895006381167,-0.5270695970695971,19.317253171916143,-2.1227729344013233,0.08635024944362042,-0.4367884476755679,-0.585207104943321,-0.09470706467170666,-0.8491091737605294,0.021587562360905106,-0.08735768953511358,-0.0585207104943321,-0.004735353233585333,-0.9781353646626553,78,Low density headroom,TRUE
27260,27260,12031,12031011904,2024,1,1,1,1,NA,2182.767829092051,1643.6768151086103,0.6833928571428571,19.11971005364718,NA,2182.767829092051,-1643.6768151086103,-0.6833928571428571,19.11971005364718,-0.14363030827039658,0.44324196667998905,-0.16050183042664964,-1.4075952555525226,-0.13098289217920958,-0.05745212330815863,0.11081049166999726,-0.03210036608532993,-0.14075952555525226,-0.006549144608960479,-0.12605066788770403,44,High housing pipeline | Low density headroom,TRUE
27260,27260,12031,12031011905,2024,0,1,1,0,NA,1304.7417840375585,3717.7271204041663,0.324496336996337,17.483115862835138,NA,NA,NA,NA,NA,NA,NA,NA,NA,NA,NA,NA,NA,NA,NA,NA,NA,NA,FALSE
27260,27260,12031,12031012000,2024,1,1,1,1,0.22858294698649465,1519.8796828001093,2982.983314940433,0.3443406593406593,13.838868883701144,0.22858294698649465,1519.8796828001093,-2982.983314940433,-0.3443406593406593,13.838868883701144,0.571832298990733,-0.07547838958272914,-1.4139454676277976,0.3760964981881644,-1.100730079801586,0.2287329195962932,-0.018869597395682284,-0.28278909352555953,0.03760964981881644,-0.055036503990079304,-0.09035262549621148,41,Low density headroom | Moderate price pressure,TRUE
27260,27260,12031,12031012100,2024,0,0,1,1,-0.12039045553145336,5711.261816687217,567.5828802330817,0.13831043956043956,20.08921742403089,NA,NA,NA,NA,NA,NA,NA,NA,NA,NA,NA,NA,NA,NA,NA,NA,NA,NA,FALSE
27260,27260,12031,12031012201,2024,0,1,1,0,NA,2808.874065089953,4508.649517605471,0.12179487179487179,21.487617754556442,NA,NA,NA,NA,NA,NA,NA,NA,NA,NA,NA,NA,NA,NA,NA,NA,NA,NA,FALSE
27260,27260,12031,12031012202,2024,0,0,1,0,NA,2173.0393306747983,3438.57802876788,0.1956135531135531,19.545302681409787,NA,NA,NA,NA,NA,NA,NA,NA,NA,NA,NA,NA,NA,NA,NA,NA,NA,NA,FALSE
27260,27260,12031,12031012300,2024,0,0,1,0,-0.08471177944862156,2536.6009492515514,3528.6217995607135,0.17445970695970697,22.50224002563692,NA,NA,NA,NA,NA,NA,NA,NA,NA,NA,NA,NA,NA,NA,NA,NA,NA,NA,FALSE
27260,27260,12031,12031012400,2024,0,0,1,1,-0.1129842180774749,3745.922631082356,2875.6611495302573,0.21722985347985346,21.813194901211357,NA,NA,NA,NA,NA,NA,NA,NA,NA,NA,NA,NA,NA,NA,NA,NA,NA,NA,FALSE
27260,27260,12031,12031012500,2024,0,1,1,0,0.20178614530533429,1860.5476333935862,5155.032448479039,0.20055860805860803,21.617450196431154,NA,NA,NA,NA,NA,NA,NA,NA,NA,NA,NA,NA,NA,NA,NA,NA,NA,NA,FALSE
27260,27260,12031,12031012601,2024,0,1,1,0,0.4592875318066158,2019.1078174949141,4123.3906259281275,0.3104258241758242,16.506329854639255,NA,NA,NA,NA,NA,NA,NA,NA,NA,NA,NA,NA,NA,NA,NA,NA,NA,NA,FALSE
27260,27260,12031,12031012602,2024,0,0,1,1,-0.023157208088714937,1546.521981079577,3292.416691955589,0.3348076923076923,19.320280326960212,NA,NA,NA,NA,NA,NA,NA,NA,NA,NA,NA,NA,NA,NA,NA,NA,NA,NA,FALSE
27260,27260,12031,12031012702,2024,0,0,1,1,-0.050822609545528585,1589.783193181168,1179.6066789027268,0.35347527472527474,29.28636330038242,NA,NA,NA,NA,NA,NA,NA,NA,NA,NA,NA,NA,NA,NA,NA,NA,NA,NA,FALSE
27260,27260,12031,12031012703,2024,0,0,1,0,0.1644927536231884,1441.1429164073843,3644.5190335539023,0.451959706959707,25.330335558953706,NA,NA,NA,NA,NA,NA,NA,NA,NA,NA,NA,NA,NA,NA,NA,NA,NA,NA,FALSE
27260,27260,12031,12031012704,2024,0,0,1,0,-0.052707321460694366,1759.1467274338522,4550.469794280942,0.12845238095238096,21.129855506669116,NA,NA,NA,NA,NA,NA,NA,NA,NA,NA,NA,NA,NA,NA,NA,NA,NA,NA,FALSE
27260,27260,12031,12031012800,2024,0,0,1,0,-9.684560044272275e-4,1282.8786410007847,3744.9022830549543,0.25548992673992676,21.680310182982655,NA,NA,NA,NA,NA,NA,NA,NA,NA,NA,NA,NA,NA,NA,NA,NA,NA,NA,FALSE
27260,27260,12031,12031012900,2024,0,0,1,0,-0.05528169014084507,3452.727046838116,4293.4725537408585,0.23342032967032966,25.17227845675012,NA,NA,NA,NA,NA,NA,NA,NA,NA,NA,NA,NA,NA,NA,NA,NA,NA,NA,FALSE
27260,27260,12031,12031013000,2024,0,1,0,1,0.1917517006802721,3304.9114044476155,2735.554138720162,0.7105402930402931,16.75969911097777,NA,NA,NA,NA,NA,NA,NA,NA,NA,NA,NA,NA,NA,NA,NA,NA,NA,NA,FALSE
27260,27260,12031,12031013100,2024,1,1,1,1,0.12424663885025498,3820.0687285223366,2319.7407091995233,0.5142124542124542,13.418467742687945,0.12424663885025498,3820.0687285223366,-2319.7407091995233,-0.5142124542124542,13.418467742687945,-0.5644758853466856,1.7244555629896545,-0.7932233071730814,-0.5175680221129807,-1.1779304369134351,-0.22579035413867424,0.43111389074741363,-0.1586446614346163,-0.051756802211298074,-0.05889652184567176,-0.06397444888284676,39,High housing pipeline | Low density headroom,TRUE
27260,27260,12031,12031013200,2024,0,0,0,1,-0.07925740806854695,3591.9607082848647,429.5432841987532,0.8120512820512821,9.403477087879388,NA,NA,NA,NA,NA,NA,NA,NA,NA,NA,NA,NA,NA,NA,NA,NA,NA,NA,FALSE
27260,27260,12031,12031013301,2024,0,0,1,1,NA,2775.2146994208106,1495.912387219149,0.43065476190476193,22.018768225049026,NA,NA,NA,NA,NA,NA,NA,NA,NA,NA,NA,NA,NA,NA,NA,NA,NA,NA,FALSE
27260,27260,12031,12031013302,2024,0,0,1,0,NA,2023.5182758118538,4650.328398429704,0.210746336996337,23.112707089325724,NA,NA,NA,NA,NA,NA,NA,NA,NA,NA,NA,NA,NA,NA,NA,NA,NA,NA,FALSE
27260,27260,12031,12031013402,2024,0,0,1,1,0.12049834533774577,1609.393097058142,3311.090901499748,0.15669871794871795,18.944136579679622,NA,NA,NA,NA,NA,NA,NA,NA,NA,NA,NA,NA,NA,NA,NA,NA,NA,NA,FALSE
27260,27260,12031,12031013403,2024,0,0,1,1,-0.11444878341844397,3142.356399819086,3309.4585647283957,0.46445512820512824,17.936955795463366,NA,NA,NA,NA,NA,NA,NA,NA,NA,NA,NA,NA,NA,NA,NA,NA,NA,NA,FALSE
27260,27260,12031,12031013404,2024,0,0,1,0,0.013054830287206266,2984.4286941580754,4211.33410188774,0.2928708791208791,15.617202134217928,NA,NA,NA,NA,NA,NA,NA,NA,NA,NA,NA,NA,NA,NA,NA,NA,NA,NA,FALSE
27260,27260,12031,12031013502,2024,0,0,1,1,-0.05707762557077625,2803.773204196933,1972.0232348841555,0.3511813186813187,22.13537855712802,NA,NA,NA,NA,NA,NA,NA,NA,NA,NA,NA,NA,NA,NA,NA,NA,NA,NA,FALSE
27260,27260,12031,12031013504,2024,0,0,1,0,-0.025425246195165622,1701.9413313736297,4084.8753888063593,0.13955128205128206,22.17807589884664,NA,NA,NA,NA,NA,NA,NA,NA,NA,NA,NA,NA,NA,NA,NA,NA,NA,NA,FALSE
27260,27260,12031,12031013522,2024,0,0,1,1,0.15646059185467331,2347.0146102525123,1436.464519996351,0.4549130036630037,10.770929255440205,NA,NA,NA,NA,NA,NA,NA,NA,NA,NA,NA,NA,NA,NA,NA,NA,NA,NA,FALSE
27260,27260,12031,12031013523,2024,0,0,1,1,NA,1961.8099675278836,2639.0332181487624,0.29625,17.683459085624417,NA,NA,NA,NA,NA,NA,NA,NA,NA,NA,NA,NA,NA,NA,NA,NA,NA,NA,FALSE
27260,27260,12031,12031013524,2024,0,0,1,1,NA,2338.7191786585877,2429.0743527343625,0.4007142857142857,24.1035370760573,NA,NA,NA,NA,NA,NA,NA,NA,NA,NA,NA,NA,NA,NA,NA,NA,NA,NA,FALSE
27260,27260,12031,12031013525,2024,1,1,1,1,NA,1466.0020045365827,2298.623810295461,0.23990384615384616,20.46846091447152,NA,1466.0020045365827,-2298.623810295461,-0.23990384615384616,20.46846091447152,-0.14363030827039658,-0.11763851662647977,-0.7734602114425372,0.9255195182299114,0.11669495155738424,-0.05745212330815863,-0.029409629156619942,-0.15469204228850744,0.09255195182299114,0.005834747577869212,-0.14316709535242567,46,Low density headroom | Moderate price pressure,TRUE
27260,27260,12031,12031013526,2024,0,0,1,0,NA,1113.1538892894337,5376.058288979367,0.5071749084249084,25.021692294294446,NA,NA,NA,NA,NA,NA,NA,NA,NA,NA,NA,NA,NA,NA,NA,NA,NA,NA,FALSE
27260,27260,12031,12031013723,2024,1,1,1,1,0.5240572171651495,718.5593132692109,1347.5042861875045,0.6171886446886448,21.02749359236909,0.5240572171651495,718.5593132692109,-1347.5042861875045,-0.6171886446886448,21.02749359236909,3.7897900498699157,-0.702524128579214,0.11668309470926902,-1.059306972559686,0.2193529088285577,1.5159160199479664,-0.1756310321448035,0.023336618941853807,-0.1059306972559686,0.010967645441427885,1.2686585549304759,2,High growth | Low density headroom,TRUE
27260,27260,12031,12031013728,2024,0,1,1,0,NA,1436.4500956220602,3325.5193547350677,0.6463919413919414,19.288203785774474,NA,NA,NA,NA,NA,NA,NA,NA,NA,NA,NA,NA,NA,NA,NA,NA,NA,NA,FALSE
27260,27260,12031,12031013729,2024,1,1,1,1,NA,1703.8195083072771,1932.3633238268994,0.5807921245421246,23.659340620483736,NA,1703.8195083072771,-1932.3633238268994,-0.5807921245421246,23.659340620483736,-0.14363030827039658,0.06845740464093078,-0.4306806636841536,-0.8678315204876158,0.7026520976569481,-0.05745212330815863,0.017114351160232695,-0.08613613273683073,-0.08678315204876158,0.03513260488284741,-0.17812445205067082,48,Low density headroom | High commute exposure,TRUE
27260,27260,12031,12031013730,2024,0,0,1,1,NA,2664.269964528808,2279.091687568179,0.6213507326007326,21.7948160242129,NA,NA,NA,NA,NA,NA,NA,NA,NA,NA,NA,NA,NA,NA,NA,NA,NA,NA,FALSE
27260,27260,12031,12031013731,2024,0,1,1,0,NA,2368.0129516019083,3903.3163777846216,0.5630860805860806,22.267363945578232,NA,NA,NA,NA,NA,NA,NA,NA,NA,NA,NA,NA,NA,NA,NA,NA,NA,NA,FALSE
27260,27260,12031,12031013732,2024,0,0,1,1,NA,1667.3266138708902,1103.1364657426686,0.3575320512820513,16.97901152254365,NA,NA,NA,NA,NA,NA,NA,NA,NA,NA,NA,NA,NA,NA,NA,NA,NA,NA,FALSE
27260,27260,12031,12031013733,2024,0,1,0,1,NA,1332.134982264404,1126.367988319583,0.7621336996336996,22.297943944213916,NA,NA,NA,NA,NA,NA,NA,NA,NA,NA,NA,NA,NA,NA,NA,NA,NA,NA,FALSE
27260,27260,12031,12031013800,2024,0,0,1,1,-0.09538608654076022,2448.1148696264972,1017.5335710822421,0.6720467032967032,12.741450871788452,NA,NA,NA,NA,NA,NA,NA,NA,NA,NA,NA,NA,NA,NA,NA,NA,NA,NA,FALSE
27260,27260,12031,12031013901,2024,0,0,1,1,-0.09395411153910568,1712.3228589032653,2349.1932017651952,0.4905769230769231,15.095571996675256,NA,NA,NA,NA,NA,NA,NA,NA,NA,NA,NA,NA,NA,NA,NA,NA,NA,NA,FALSE
27260,27260,12031,12031013902,2024,0,0,1,1,-0.1435201713673688,1930.7350284840904,3072.3191676598376,0.5985027472527472,16.515996297291647,NA,NA,NA,NA,NA,NA,NA,NA,NA,NA,NA,NA,NA,NA,NA,NA,NA,NA,FALSE
27260,27260,12031,12031013904,2024,0,1,1,0,0.16910460992907803,1756.1453396524485,6266.624321903575,0.47577380952380954,22.743805975100592,NA,NA,NA,NA,NA,NA,NA,NA,NA,NA,NA,NA,NA,NA,NA,NA,NA,NA,FALSE
27260,27260,12031,12031013905,2024,0,0,0,0,0.05866403746610796,2156.8490492821106,3944.5280072128844,0.9586126373626374,13.397436709261534,NA,NA,NA,NA,NA,NA,NA,NA,NA,NA,NA,NA,NA,NA,NA,NA,NA,NA,FALSE
27260,27260,12031,12031013906,2024,0,0,0,1,0.008742434431741762,2058.5925925925926,2331.330139768834,0.9580815018315019,15.943189720332578,NA,NA,NA,NA,NA,NA,NA,NA,NA,NA,NA,NA,NA,NA,NA,NA,NA,NA,FALSE
27260,27260,12031,12031014001,2024,0,0,0,0,-0.053200692041522495,2115.958580782701,4322.653278329874,0.839217032967033,13.914472014761298,NA,NA,NA,NA,NA,NA,NA,NA,NA,NA,NA,NA,NA,NA,NA,NA,NA,NA,FALSE
27260,27260,12031,12031014002,2024,0,1,0,1,0.1263625353249899,3320.3106332138586,2107.2060554457303,0.7794184981684982,8.365062222222223,NA,NA,NA,NA,NA,NA,NA,NA,NA,NA,NA,NA,NA,NA,NA,NA,NA,NA,FALSE
27260,27260,12031,12031014101,2024,0,0,0,0,0.0556989247311828,1887.0781557683165,3390.9047550775686,0.8654441391941392,14.056869641874167,NA,NA,NA,NA,NA,NA,NA,NA,NA,NA,NA,NA,NA,NA,NA,NA,NA,NA,FALSE
27260,27260,12031,12031014103,2024,0,1,0,0,NA,3350.331525015069,4400.919552392677,0.816996336996337,10.976117621818364,NA,NA,NA,NA,NA,NA,NA,NA,NA,NA,NA,NA,NA,NA,NA,NA,NA,NA,FALSE
27260,27260,12031,12031014104,2024,0,1,0,0,NA,4382.056133711762,8168.347058924904,0.7881456043956043,8.311153058814602,NA,NA,NA,NA,NA,NA,NA,NA,NA,NA,NA,NA,NA,NA,NA,NA,NA,NA,FALSE
27260,27260,12031,12031014203,2024,0,0,0,1,-0.14612146722790137,2174.5696400625975,2688.134029201221,0.8419642857142857,18.479286177260153,NA,NA,NA,NA,NA,NA,NA,NA,NA,NA,NA,NA,NA,NA,NA,NA,NA,NA,FALSE
27260,27260,12031,12031014204,2024,0,0,0,1,0.14924757781900638,1661.6442451420028,2020.8047897352988,0.9083195970695971,11.231613243209225,NA,NA,NA,NA,NA,NA,NA,NA,NA,NA,NA,NA,NA,NA,NA,NA,NA,NA,FALSE
27260,27260,12031,12031014205,2024,0,0,0,0,NA,3428.448063163089,6662.7579637486915,0.7653205128205128,10.309095368566698,NA,NA,NA,NA,NA,NA,NA,NA,NA,NA,NA,NA,NA,NA,NA,NA,NA,NA,FALSE
27260,27260,12031,12031014206,2024,0,0,0,0,NA,6970.403812390268,5731.283423751281,0.9106410256410256,16.914765432098765,NA,NA,NA,NA,NA,NA,NA,NA,NA,NA,NA,NA,NA,NA,NA,NA,NA,NA,FALSE
27260,27260,12031,12031014311,2024,1,1,1,1,0.0035191702167067978,1709.7945121200935,2288.447366864987,0.38694139194139193,14.439514995259518,0.0035191702167067978,1709.7945121200935,-2288.447366864987,-0.38694139194139193,14.439514995259518,-1.8792972848494258,0.07313293870168046,-0.7639361792147634,0.15198181633151062,-0.9904304402754077,-0.7517189139397704,0.018283234675420115,-0.1527872358429527,0.015198181633151063,-0.049521522013770386,-0.9205462554879223,77,Low density headroom | Moderate price pressure,TRUE
27260,27260,12031,12031014312,2024,1,1,1,1,0.15209988649262202,1303.823598404879,3197.507295995785,0.5578434065934066,18.04734330290488,0.15209988649262202,1303.823598404879,-3197.507295995785,-0.5578434065934066,18.04734330290488,-0.26113111666778066,-0.24454565937346687,-1.6147163286029782,-0.7471025022733476,-0.3279069440803418,-0.10445244666711227,-0.06113641484336672,-0.3229432657205957,-0.07471025022733477,-0.016395347204017093,-0.5796377246624266,73,Low density headroom,TRUE
27260,27260,12031,12031014328,2024,0,0,1,1,0.001946607341490545,1285.5490794708112,1466.3608927056011,0.6917673992673992,19.022419713865546,NA,NA,NA,NA,NA,NA,NA,NA,NA,NA,NA,NA,NA,NA,NA,NA,NA,NA,FALSE
27260,27260,12031,12031014329,2024,0,0,0,1,-0.05163458600672166,2984.4286941580754,2572.282947586264,0.7460668498168499,18.653559079637148,NA,NA,NA,NA,NA,NA,NA,NA,NA,NA,NA,NA,NA,NA,NA,NA,NA,NA,FALSE
27260,27260,12031,12031014330,2024,0,0,0,1,-0.09417946645109135,2066.8600327234863,755.5734477383456,0.9148534798534799,18.485804852791798,NA,NA,NA,NA,NA,NA,NA,NA,NA,NA,NA,NA,NA,NA,NA,NA,NA,NA,FALSE
27260,27260,12031,12031014331,2024,0,0,1,0,-0.030509835407466882,1917.943409247757,3923.7751411620416,0.3439239926739927,20.231698493653056,NA,NA,NA,NA,NA,NA,NA,NA,NA,NA,NA,NA,NA,NA,NA,NA,NA,NA,FALSE
27260,27260,12031,12031014333,2024,0,1,1,0,0.019414743950478333,2556.9049590578707,3996.2926485407634,0.4191529304029304,12.775929936131137,NA,NA,NA,NA,NA,NA,NA,NA,NA,NA,NA,NA,NA,NA,NA,NA,NA,NA,FALSE
27260,27260,12031,12031014334,2024,0,0,1,0,-0.027231166766050488,1892.8620079008308,3726.8667591030826,0.6291712454212455,19.86988685923022,NA,NA,NA,NA,NA,NA,NA,NA,NA,NA,NA,NA,NA,NA,NA,NA,NA,NA,FALSE
27260,27260,12031,12031014335,2024,0,0,0,0,0.05746431163803532,1059.7948365938298,3963.661365075473,0.7375686813186813,18.858190597667637,NA,NA,NA,NA,NA,NA,NA,NA,NA,NA,NA,NA,NA,NA,NA,NA,NA,NA,FALSE
27260,27260,12031,12031014336,2024,0,1,0,0,-8.747630849978131e-4,1351.7680821051606,3983.624092114714,0.775728021978022,17.240425343494376,NA,NA,NA,NA,NA,NA,NA,NA,NA,NA,NA,NA,NA,NA,NA,NA,NA,NA,FALSE
27260,27260,12031,12031014338,2024,0,1,1,0,0.2488393686165274,1721.8711276332092,6432.848866279247,0.5588232600732601,18.35912488321395,NA,NA,NA,NA,NA,NA,NA,NA,NA,NA,NA,NA,NA,NA,NA,NA,NA,NA,FALSE
27260,27260,12031,12031014339,2024,0,1,0,1,NA,1441.5914513953728,2878.479782215683,0.8133882783882784,14.22857990185474,NA,NA,NA,NA,NA,NA,NA,NA,NA,NA,NA,NA,NA,NA,NA,NA,NA,NA,FALSE
27260,27260,12031,12031014340,2024,0,0,1,0,NA,1776.3502716522848,3743.1805798854,0.6651877289377289,14.993263549346585,NA,NA,NA,NA,NA,NA,NA,NA,NA,NA,NA,NA,NA,NA,NA,NA,NA,NA,FALSE
27260,27260,12031,12031014341,2024,0,1,0,1,NA,2705.510124610592,1792.5764098238787,0.7771978021978022,20.023767676568028,NA,NA,NA,NA,NA,NA,NA,NA,NA,NA,NA,NA,NA,NA,NA,NA,NA,NA,FALSE
27260,27260,12031,12031014342,2024,0,0,0,0,NA,2025.7307383920108,5418.434744439308,0.7363369963369963,16.29197808593786,NA,NA,NA,NA,NA,NA,NA,NA,NA,NA,NA,NA,NA,NA,NA,NA,NA,NA,FALSE
27260,27260,12031,12031014343,2024,0,0,1,0,NA,1175.7414223463213,7092.331196930885,0.6666712454212453,11.784915462302449,NA,NA,NA,NA,NA,NA,NA,NA,NA,NA,NA,NA,NA,NA,NA,NA,NA,NA,FALSE
27260,27260,12031,12031014344,2024,0,1,0,0,NA,1908.4603763219336,3651.4528019563827,0.8257188644688644,16.55011455288587,NA,NA,NA,NA,NA,NA,NA,NA,NA,NA,NA,NA,NA,NA,NA,NA,NA,NA,FALSE
27260,27260,12031,12031014408,2024,0,0,0,1,-0.08531704234253212,2133.5022263165974,2776.7833906215524,0.7434294871794871,11.354691508812776,NA,NA,NA,NA,NA,NA,NA,NA,NA,NA,NA,NA,NA,NA,NA,NA,NA,NA,FALSE
27260,27260,12031,12031014413,2024,0,0,1,1,0.04209575429087624,1606.044845122515,1247.9295017419538,0.6731868131868132,15.390262012673286,NA,NA,NA,NA,NA,NA,NA,NA,NA,NA,NA,NA,NA,NA,NA,NA,NA,NA,FALSE
27260,27260,12031,12031014414,2024,1,1,1,1,NA,1172.9129737486282,2899.548094138731,0.482275641025641,16.091717390492217,NA,1172.9129737486282,-2899.548094138731,-0.482275641025641,16.091717390492217,-0.14363030827039658,-0.3469852734171293,-1.3358592740302164,-0.34955427469787326,-0.6870282786504185,-0.05745212330815863,-0.08674631835428233,-0.2671718548060433,-0.034955427469787324,-0.034351413932520926,-0.48067713787079247,70,Low density headroom | Moderate price pressure,TRUE
27260,27260,12031,12031014415,2024,1,1,1,1,NA,1524.3815479128955,2071.9296634782845,0.563076923076923,14.937771310332971,NA,1524.3815479128955,-2071.9296634782845,-0.563076923076923,14.937771310332971,-0.14363030827039658,-0.07195560962624052,-0.5612994133321617,-0.7746350776562101,-0.8989331494635904,-0.05745212330815863,-0.01798890240656013,-0.11225988266643235,-0.07746350776562101,-0.044946657473179524,-0.3101110736199516,58,Low density headroom,TRUE
27260,27260,12031,12031014416,2024,1,1,1,1,NA,1395.5508687355627,2709.9304997336735,0.6777472527472528,19.17176022620803,NA,1395.5508687355627,-2709.9304997336735,-0.6777472527472528,19.17176022620803,-0.14363030827039658,-0.1727676337576884,-1.1583980526904767,-1.3778947608481749,-0.1214246595356287,-0.05745212330815863,-0.0431919084394221,-0.23167961053809535,-0.13778947608481748,-0.0060712329767814354,-0.47618435134727494,68,Low density headroom,TRUE
27260,27260,12031,12031014417,2024,1,1,1,1,NA,1111.9513463769854,2141.035291316864,0.6656639194139193,12.830873985708795,NA,1111.9513463769854,-2141.035291316864,-0.6656639194139193,12.830873985708795,-0.14363030827039658,-0.39468870158289265,-0.6259746833468558,-1.3143265487437343,-1.285833207505723,-0.05745212330815863,-0.09867217539572316,-0.12519493666937118,-0.13143265487437344,-0.06429166037528615,-0.4770435506229126,69,Low density headroom,TRUE
27260,27260,12031,12031014418,2024,0,0,0,1,NA,5481.45956607495,1147.0930374447732,0.9375,15.823922016723357,NA,NA,NA,NA,NA,NA,NA,NA,NA,NA,NA,NA,NA,NA,NA,NA,NA,NA,FALSE
27260,27260,12031,12031014419,2024,0,0,1,1,NA,1768.212763249984,2900.027572713156,0.6991391941391942,14.292574696216324,NA,NA,NA,NA,NA,NA,NA,NA,NA,NA,NA,NA,NA,NA,NA,NA,NA,NA,FALSE
27260,27260,12031,12031014420,2024,0,0,0,0,NA,2241.9328815747012,4315.988798056908,0.7746474358974359,13.57213323092702,NA,NA,NA,NA,NA,NA,NA,NA,NA,NA,NA,NA,NA,NA,NA,NA,NA,NA,FALSE
27260,27260,12031,12031014421,2024,0,1,0,0,NA,1574.650121819933,3405.329139972012,0.7664789377289377,12.979859062681392,NA,NA,NA,NA,NA,NA,NA,NA,NA,NA,NA,NA,NA,NA,NA,NA,NA,NA,FALSE
27260,27260,12031,12031014422,2024,0,0,0,1,NA,3257.2667604313174,1547.755802155824,0.8212042124542125,9.866096284261735,NA,NA,NA,NA,NA,NA,NA,NA,NA,NA,NA,NA,NA,NA,NA,NA,NA,NA,FALSE
27260,27260,12031,12031014423,2024,0,1,0,1,NA,393.17799187923544,528.371020128098,0.7930082417582418,13.376109049246676,NA,NA,NA,NA,NA,NA,NA,NA,NA,NA,NA,NA,NA,NA,NA,NA,NA,NA,FALSE
27260,27260,12031,12031014424,2024,0,1,0,1,NA,1251.5086012789336,899.812795750003,0.7503846153846154,14.850358286918734,NA,NA,NA,NA,NA,NA,NA,NA,NA,NA,NA,NA,NA,NA,NA,NA,NA,NA,FALSE
27260,27260,12031,12031014425,2024,1,1,1,1,NA,2259.430894308943,2027.6976584419558,0.6770421245421245,14.69930466589241,NA,2259.430894308943,-2027.6976584419558,-0.6770421245421245,14.69930466589241,-0.14363030827039658,0.5032320158669368,-0.5199031195932773,-1.3741852100091887,-0.9427239680748503,-0.05745212330815863,0.1258080039667342,-0.10398062391865547,-0.13741852100091886,-0.047136198403742516,-0.22017946266474125,51,High housing pipeline | Low density headroom,TRUE
27260,27260,12031,12031014426,2024,0,1,1,0,NA,1970.5736368148619,4448.77252393811,0.46018772893772897,13.299300568274237,NA,NA,NA,NA,NA,NA,NA,NA,NA,NA,NA,NA,NA,NA,NA,NA,NA,NA,FALSE
27260,27260,12031,12031014427,2024,0,0,1,1,NA,4576.910408432147,1830.2857068658247,0.3847710622710623,17.107757986699067,NA,NA,NA,NA,NA,NA,NA,NA,NA,NA,NA,NA,NA,NA,NA,NA,NA,NA,FALSE
27260,27260,12031,12031014428,2024,0,0,1,0,NA,1449.032796287606,4228.153033919629,0.44247710622710623,11.900798979048725,NA,NA,NA,NA,NA,NA,NA,NA,NA,NA,NA,NA,NA,NA,NA,NA,NA,NA,FALSE
27260,27260,12031,12031014500,2024,1,1,1,1,0.160019816695566,1978.1479108833369,1841.3045559141738,0.2577335164835165,20.117255800309554,0.160019816695566,1978.1479108833369,-1841.3045559141738,-0.2577335164835165,20.117255800309554,-0.17487656473141086,0.28312367603714006,-0.3454596681421217,0.8317208755869825,0.05220140577997095,-0.06995062589256434,0.07078091900928501,-0.06909193362842435,0.08317208755869826,0.0026100702889985477,0.01752051733599313,35,Low density headroom | Moderate price pressure,TRUE
27260,27260,12031,12031014601,2024,0,1,0,1,0.11307035084530086,1512.9293919102836,1412.7239336943273,0.7678571428571429,17.16346408598257,NA,NA,NA,NA,NA,NA,NA,NA,NA,NA,NA,NA,NA,NA,NA,NA,NA,NA,FALSE
27260,27260,12031,12031014603,2024,0,0,1,1,0.08507010231148163,1617.5426343053373,2596.030101819701,0.47521978021978023,20.40621073109349,NA,NA,NA,NA,NA,NA,NA,NA,NA,NA,NA,NA,NA,NA,NA,NA,NA,NA,FALSE
27260,27260,12031,12031014604,2024,1,1,1,1,0.14298842124609445,1489.5749584606313,2998.160216624336,0.5270238095238096,17.730755669455885,0.14298842124609445,1489.5749584606313,-2998.160216624336,-0.5270238095238096,17.730755669455885,-0.36036246494795915,-0.09919231099428269,-1.428149379018136,-0.5849662250187115,-0.3860435093155211,-0.14414498597918365,-0.024798077748570672,-0.28562987580362725,-0.058496622501871154,-0.019302175465776058,-0.5323717374990288,72,Low density headroom,TRUE
27260,27260,12031,12031014702,2024,0,1,1,0,0.4143862392494136,2560.438548000737,4102.902058853819,0.45053113553113555,22.165821397005935,NA,NA,NA,NA,NA,NA,NA,NA,NA,NA,NA,NA,NA,NA,NA,NA,NA,NA,FALSE
27260,27260,12031,12031014703,2024,0,0,1,1,NA,6027.10908696595,1663.9789518595487,0.6964285714285714,19.48099409532825,NA,NA,NA,NA,NA,NA,NA,NA,NA,NA,NA,NA,NA,NA,NA,NA,NA,NA,FALSE
27260,27260,12031,12031014704,2024,0,1,1,0,NA,1447.2217882622506,7103.175761629274,0.2998305860805861,19.922812368591483,NA,NA,NA,NA,NA,NA,NA,NA,NA,NA,NA,NA,NA,NA,NA,NA,NA,NA,FALSE
27260,27260,12031,12031014800,2024,0,1,1,0,0.2790912449205763,1337.7135980746089,5960.761029432401,0.3650824175824176,15.652445597978279,NA,NA,NA,NA,NA,NA,NA,NA,NA,NA,NA,NA,NA,NA,NA,NA,NA,NA,FALSE
27260,27260,12031,12031014901,2024,0,0,1,0,0.10423246999368288,1324.8951182303583,5543.570036048368,0.5426327838827839,19.774634556598812,NA,NA,NA,NA,NA,NA,NA,NA,NA,NA,NA,NA,NA,NA,NA,NA,NA,NA,FALSE
27260,27260,12031,12031014902,2024,0,0,1,0,0.12014321707996287,1096.6812675111478,6323.690558819351,0.35397893772893774,19.168914147539446,NA,NA,NA,NA,NA,NA,NA,NA,NA,NA,NA,NA,NA,NA,NA,NA,NA,NA,FALSE
27260,27260,12031,12031015001,2024,0,1,1,0,0.17863823419378974,1470.1899169444002,3897.643475690028,0.2956959706959707,18.26712842616969,NA,NA,NA,NA,NA,NA,NA,NA,NA,NA,NA,NA,NA,NA,NA,NA,NA,NA,FALSE
27260,27260,12031,12031015002,2024,0,0,1,0,-0.047135912069329954,2054.939367051168,4835.845925030934,0.3386950549450549,19.236542926874797,NA,NA,NA,NA,NA,NA,NA,NA,NA,NA,NA,NA,NA,NA,NA,NA,NA,NA,FALSE
27260,27260,12031,12031015100,2024,0,1,1,0,0.17061938752014735,1822.121688958825,5751.514286490384,0.3312774725274725,23.022358231518684,NA,NA,NA,NA,NA,NA,NA,NA,NA,NA,NA,NA,NA,NA,NA,NA,NA,NA,FALSE
27260,27260,12031,12031015200,2024,0,0,1,0,-0.018597560975609755,2877.8088433260846,6344.671922586692,0.2488095238095238,23.717565662766297,NA,NA,NA,NA,NA,NA,NA,NA,NA,NA,NA,NA,NA,NA,NA,NA,NA,NA,FALSE
27260,27260,12031,12031015300,2024,0,0,1,0,-0.02032520325203252,2745.603635645129,5173.254363194748,0.17006868131868133,14.476579326113363,NA,NA,NA,NA,NA,NA,NA,NA,NA,NA,NA,NA,NA,NA,NA,NA,NA,NA,FALSE
27260,27260,12031,12031015400,2024,1,1,1,1,0.11387600168705188,3507.635996465985,3161.3014829105928,0.20159340659340658,17.637572358179735,0.11387600168705188,3507.635996465985,-3161.3014829105928,-0.20159340659340658,17.637572358179735,-0.6774206511318993,1.4799720570060824,-1.5808316681111287,1.1270637511506576,-0.40315522525912145,-0.27096826045275973,0.3699930142515206,-0.3161663336222258,0.11270637511506576,-0.020157761262956073,-0.12459296597135525,43,High housing pipeline | Low density headroom | Moderate price pressure,TRUE
27260,27260,12031,12031015501,2024,0,0,1,0,0.121046578493387,2375.908352569035,4134.605104649099,0.16923534798534798,18.19374860574063,NA,NA,NA,NA,NA,NA,NA,NA,NA,NA,NA,NA,NA,NA,NA,NA,NA,NA,FALSE
27260,27260,12031,12031015502,2024,0,1,1,0,0.1304705157181015,1683.6907791106264,5941.132226055,0.12706501831501832,13.624959941895641,NA,NA,NA,NA,NA,NA,NA,NA,NA,NA,NA,NA,NA,NA,NA,NA,NA,NA,FALSE
27260,27260,12031,12031015600,2024,0,0,1,0,0.05784913353720693,2231.671083273107,3343.1859082353935,0.44931318681318677,13.039064739027019,NA,NA,NA,NA,NA,NA,NA,NA,NA,NA,NA,NA,NA,NA,NA,NA,NA,NA,FALSE
27260,27260,12031,12031015701,2024,1,1,1,1,NA,5385.852713178294,2830.0738014174067,0.11226190476190477,11.872267509384587,NA,5385.852713178294,-2830.0738014174067,-0.11226190476190477,11.872267509384587,-0.14363030827039658,2.9497060534298543,-1.2708389742171948,1.5970204840637394,-1.4618668931508259,-0.05745212330815863,0.7374265133574636,-0.254167794843439,0.15970204840637395,-0.07309334465754129,0.5124152989546986,9,High housing pipeline | Low density headroom | Moderate price pressure,TRUE
27260,27260,12031,12031015702,2024,0,0,1,1,NA,2823.427816722544,2596.302799864473,0.34084249084249085,12.816277713026313,NA,NA,NA,NA,NA,NA,NA,NA,NA,NA,NA,NA,NA,NA,NA,NA,NA,NA,FALSE
27260,27260,12031,12031015803,2024,0,0,1,0,NA,2704.720194647202,4152.5280310215385,0.35766483516483516,12.321625630201684,NA,NA,NA,NA,NA,NA,NA,NA,NA,NA,NA,NA,NA,NA,NA,NA,NA,NA,FALSE
27260,27260,12031,12031015804,2024,0,0,1,1,NA,2782.71753279263,2733.6080507645906,0.41690934065934065,19.31365960600783,NA,NA,NA,NA,NA,NA,NA,NA,NA,NA,NA,NA,NA,NA,NA,NA,NA,NA,FALSE
27260,27260,12031,12031015805,2024,0,1,1,0,NA,1224.0574348132486,8839.733243056822,0.23945054945054944,13.781571115445717,NA,NA,NA,NA,NA,NA,NA,NA,NA,NA,NA,NA,NA,NA,NA,NA,NA,NA,FALSE
27260,27260,12031,12031015806,2024,0,1,1,0,NA,3107.5701666107566,4990.988369232153,0.3478983516483517,12.641586996919166,NA,NA,NA,NA,NA,NA,NA,NA,NA,NA,NA,NA,NA,NA,NA,NA,NA,NA,FALSE
27260,27260,12031,12031015922,2024,1,1,1,1,0.2842535787321063,2107.294510160752,3107.717942695126,0.4213965201465202,14.963214165192644,0.2842535787321063,2107.294510160752,-3107.717942695126,-0.4213965201465202,14.963214165192644,1.1781312529193222,0.3841829125946691,-1.530683365575285,-0.029280326937118087,-0.894260951199861,0.4712525011677289,0.09604572814866727,-0.306136673115057,-0.002928032693711809,-0.04471304755999306,0.2135204759476343,21,High growth | Low density headroom | Moderate price pressure,TRUE
27260,27260,12031,12031015924,2024,1,1,1,1,0.14237715245695087,1702.8799019607843,2463.186097352004,0.4083608058608058,13.10672020287405,0.14237715245695087,1702.8799019607843,-2463.186097352004,-0.4083608058608058,13.10672020287405,-0.3670196846669749,0.06772214795920271,-0.9274724197460088,0.03929818759919935,-1.2351781916278244,-0.14680787386678995,0.01693053698980068,-0.18549448394920176,0.003929818759919935,-0.06175890958139122,-0.37320091164766234,65,Low density headroom | Moderate price pressure,TRUE
27260,27260,12031,12031015925,2024,0,0,1,0,0.07468495181616013,1597.4593320687475,10870.260464777193,0.5537820512820513,15.135332509295575,NA,NA,NA,NA,NA,NA,NA,NA,NA,NA,NA,NA,NA,NA,NA,NA,NA,NA,FALSE
27260,27260,12031,12031015926,2024,1,1,1,1,0.32802236198462614,974.9175612151827,3159.5001487198315,0.4018956043956044,12.215138991630152,0.32802236198462614,974.9175612151827,-3159.5001487198315,-0.4018956043956044,12.215138991630152,1.654809290668045,-0.501919784619719,-1.5791458173516753,0.07331043295405665,-1.3989036937431545,0.661923716267218,-0.12547994615492974,-0.3158291634703351,0.007331043295405665,-0.06994518468715773,0.15800046525020112,26,High growth | Low density headroom | Moderate price pressure,TRUE
27260,27260,12031,12031015927,2024,1,1,1,1,NA,3260.7063240642965,1850.9334013850705,0.2627106227106227,13.635546543038442,NA,3260.7063240642965,-1850.9334013850705,-0.2627106227106227,13.635546543038442,-0.14363030827039658,1.2867457210751494,-0.35447120888399386,0.805537227781933,-1.1380671747251336,-0.05745212330815863,0.32168643026878735,-0.07089424177679877,0.08055372277819331,-0.05690335873625668,0.21699042922576656,20,High housing pipeline | Low density headroom | Moderate price pressure,TRUE
27260,27260,12031,12031015928,2024,0,0,1,0,NA,4792.377996206242,3686.779163000214,0.3167994505494505,11.402018379552748,NA,NA,NA,NA,NA,NA,NA,NA,NA,NA,NA,NA,NA,NA,NA,NA,NA,NA,FALSE
27260,27260,12031,12031015929,2024,0,1,1,0,NA,1818.1877657834477,4303.164446546581,0.644757326007326,9.214674038113014,NA,NA,NA,NA,NA,NA,NA,NA,NA,NA,NA,NA,NA,NA,NA,NA,NA,NA,FALSE
27260,27260,12031,12031016001,2024,0,0,1,0,NA,2124.6941896024464,4183.547355416053,0.2089606227106227,19.49058182545869,NA,NA,NA,NA,NA,NA,NA,NA,NA,NA,NA,NA,NA,NA,NA,NA,NA,NA,FALSE
27260,27260,12031,12031016002,2024,0,1,1,0,NA,2537.9908675799084,4402.382752102079,0.4628846153846154,19.426416896446785,NA,NA,NA,NA,NA,NA,NA,NA,NA,NA,NA,NA,NA,NA,NA,NA,NA,NA,FALSE
27260,27260,12031,12031016101,2024,0,0,1,1,NA,2735.873203386493,3248.955071969485,0.31889652014652015,19.484097222222225,NA,NA,NA,NA,NA,NA,NA,NA,NA,NA,NA,NA,NA,NA,NA,NA,NA,NA,FALSE
27260,27260,12031,12031016102,2024,0,0,1,0,NA,2296.397289704181,4121.877739240808,0.23793956043956044,21.66514532036814,NA,NA,NA,NA,NA,NA,NA,NA,NA,NA,NA,NA,NA,NA,NA,NA,NA,NA,FALSE
27260,27260,12031,12031016200,2024,0,0,1,1,-0.0827970827970828,4332.865606485812,2229.0238641516903,0.07243589743589743,13.051793379292404,NA,NA,NA,NA,NA,NA,NA,NA,NA,NA,NA,NA,NA,NA,NA,NA,NA,NA,FALSE
27260,27260,12031,12031016300,2024,1,1,1,1,0.17752050168837433,3795.0293595520957,1729.480511786861,0.11190934065934066,11.52174473650279,0.17752050168837433,3795.0293595520957,-1729.480511786861,-0.11190934065934066,11.52174473650279,0.015720284477325628,1.7048618646176268,-0.24080465704863319,1.5988752594832323,-1.5262351371976721,0.0062881137909302515,0.4262154661544067,-0.04816093140972664,0.15988752594832323,-0.07631175685988362,0.4679184176240499,11,High housing pipeline | Low density headroom | Moderate price pressure,TRUE
27260,27260,12031,12031016400,2024,0,1,1,0,-0.013675213675213675,1605.488157134604,3358.2534917719613,0.6492765567765568,12.492706253133345,NA,NA,NA,NA,NA,NA,NA,NA,NA,NA,NA,NA,NA,NA,NA,NA,NA,NA,FALSE
27260,27260,12031,12031016500,2024,0,0,1,1,0.06733021077283373,1693.8501858962636,2918.4284420965546,0.47331043956043956,13.009968561117631,NA,NA,NA,NA,NA,NA,NA,NA,NA,NA,NA,NA,NA,NA,NA,NA,NA,NA,FALSE
27260,27260,12031,12031016603,2024,0,0,1,0,-0.022573363431151242,2674.268668206312,3907.476664901556,0.47524725274725277,12.359693349219576,NA,NA,NA,NA,NA,NA,NA,NA,NA,NA,NA,NA,NA,NA,NA,NA,NA,NA,FALSE
27260,27260,12031,12031016604,2024,0,0,1,0,0.038551401869158876,2084.0644919385077,4101.65083263747,0.4466437728937729,12.503871328620571,NA,NA,NA,NA,NA,NA,NA,NA,NA,NA,NA,NA,NA,NA,NA,NA,NA,NA,FALSE
27260,27260,12031,12031016605,2024,1,1,1,1,NA,3859.861111111111,679.4165106628112,0.4052518315018315,15.392524630816178,NA,3859.861111111111,-679.4165106628112,-0.4052518315018315,15.392524630816178,-0.14363030827039658,1.7555937255717637,0.741939801391757,0.05565393448018216,-0.8154245303992088,-0.05745212330815863,0.43889843139294094,0.1483879602783514,0.005565393448018216,-0.04077122651996044,0.4946284352911915,10,High housing pipeline | Low density headroom | Moderate price pressure,TRUE
27260,27260,12031,12031016606,2024,0,1,1,0,NA,1670.3329727130663,8808.284098151065,0.15278846153846154,18.148888535402335,NA,NA,NA,NA,NA,NA,NA,NA,NA,NA,NA,NA,NA,NA,NA,NA,NA,NA,FALSE
27260,27260,12031,12031016711,2024,0,0,0,1,0.010645683869474658,2121.2884512632622,2309.853216735397,0.7178250915750916,14.907663609474623,NA,NA,NA,NA,NA,NA,NA,NA,NA,NA,NA,NA,NA,NA,NA,NA,NA,NA,FALSE
27260,27260,12031,12031016724,2024,0,1,1,0,0.10312626877791312,1704.760152128573,5513.134297224326,0.5547710622710623,16.21776822310451,NA,NA,NA,NA,NA,NA,NA,NA,NA,NA,NA,NA,NA,NA,NA,NA,NA,NA,FALSE
27260,27260,12031,12031016725,2024,0,0,1,1,-0.049747822099954146,2234.9014877362283,1356.5407508507485,0.45920787545787545,14.349725927035829,NA,NA,NA,NA,NA,NA,NA,NA,NA,NA,NA,NA,NA,NA,NA,NA,NA,NA,FALSE
27260,27260,12031,12031016726,2024,0,0,1,0,-0.08123836126629423,2347.0146102525123,4304.916580020826,0.46944139194139195,16.663434352710972,NA,NA,NA,NA,NA,NA,NA,NA,NA,NA,NA,NA,NA,NA,NA,NA,NA,NA,FALSE
27260,27260,12031,12031016727,2024,0,0,1,0,0.2585516178736518,2268.28272935031,4349.9603322754265,0.4119139194139194,12.799409689132982,NA,NA,NA,NA,NA,NA,NA,NA,NA,NA,NA,NA,NA,NA,NA,NA,NA,NA,FALSE
27260,27260,12031,12031016728,2024,0,0,0,1,0.1220110361741263,1687.3709775349118,1921.7041247468828,0.7227152014652014,16.31321499013807,NA,NA,NA,NA,NA,NA,NA,NA,NA,NA,NA,NA,NA,NA,NA,NA,NA,NA,FALSE
27260,27260,12031,12031016729,2024,0,1,1,0,-0.030962599632127528,1465.3063376568596,5531.4592453822115,0.603040293040293,15.36853033672401,NA,NA,NA,NA,NA,NA,NA,NA,NA,NA,NA,NA,NA,NA,NA,NA,NA,NA,FALSE
27260,27260,12031,12031016730,2024,0,1,0,1,NA,2222.5687779910427,2348.5689691297252,0.8296520146520145,17.982639243335715,NA,NA,NA,NA,NA,NA,NA,NA,NA,NA,NA,NA,NA,NA,NA,NA,NA,NA,FALSE
27260,27260,12031,12031016731,2024,0,1,1,0,NA,1646.288726971151,6417.93369872273,0.4013232600732601,15.239508006521241,NA,NA,NA,NA,NA,NA,NA,NA,NA,NA,NA,NA,NA,NA,NA,NA,NA,NA,FALSE
27260,27260,12031,12031016801,2024,0,0,0,1,-0.1620408163265306,4512.258483520051,1501.3436053170035,0.8173717948717949,13.806355616962485,NA,NA,NA,NA,NA,NA,NA,NA,NA,NA,NA,NA,NA,NA,NA,NA,NA,NA,FALSE
27260,27260,12031,12031016803,2024,0,0,0,1,-0.011414881623449832,1320.551199809931,1931.311911572335,0.7907875457875457,12.332475598285994,NA,NA,NA,NA,NA,NA,NA,NA,NA,NA,NA,NA,NA,NA,NA,NA,NA,NA,FALSE
27260,27260,12031,12031016804,2024,0,1,0,1,0.1929994465965689,1074.2974216243379,1775.5019625613543,0.8063003663003663,19.786530431410146,NA,NA,NA,NA,NA,NA,NA,NA,NA,NA,NA,NA,NA,NA,NA,NA,NA,NA,FALSE
27260,27260,12031,12031016807,2024,0,0,1,0,0.03806060606060606,2163.3971664331307,4577.964293953037,0.40099358974358973,14.415015424018728,NA,NA,NA,NA,NA,NA,NA,NA,NA,NA,NA,NA,NA,NA,NA,NA,NA,NA,FALSE
27260,27260,12031,12031016808,2024,0,0,1,0,0.14025054466230938,2212.483082557121,5557.165333683593,0.47103021978021975,18.83713229017625,NA,NA,NA,NA,NA,NA,NA,NA,NA,NA,NA,NA,NA,NA,NA,NA,NA,NA,FALSE
27260,27260,12031,12031016809,2024,0,1,0,1,NA,1627.2029978335968,2187.179428125064,0.8506868131868132,12.081838951002846,NA,NA,NA,NA,NA,NA,NA,NA,NA,NA,NA,NA,NA,NA,NA,NA,NA,NA,FALSE
27260,27260,12031,12031016810,2024,0,0,1,1,NA,3522.3067173637514,2060.655161140567,0.3878617216117216,14.018781957633308,NA,NA,NA,NA,NA,NA,NA,NA,NA,NA,NA,NA,NA,NA,NA,NA,NA,NA,FALSE
27260,27260,12031,12031016811,2024,0,1,0,1,NA,1546.521981079577,2904.09481118414,0.7776968864468865,19.09245866510824,NA,NA,NA,NA,NA,NA,NA,NA,NA,NA,NA,NA,NA,NA,NA,NA,NA,NA,FALSE
27260,27260,12031,12031016812,2024,0,0,1,1,NA,2155.8451632922192,2741.467423917753,0.6668727106227106,13.76581202268431,NA,NA,NA,NA,NA,NA,NA,NA,NA,NA,NA,NA,NA,NA,NA,NA,NA,NA,FALSE
27260,27260,12031,12031016813,2024,1,1,1,1,NA,1103.474290252134,1692.7515521352573,0.6793360805860806,19.419692847273886,NA,1103.474290252134,-1692.7515521352573,-0.6793360805860806,19.419692847273886,-0.14363030827039658,-0.40132213076357576,-0.20643038888663948,-1.3862532942321237,-0.07589555645129636,-0.05745212330815863,-0.10033053269089394,-0.0412860777773279,-0.13862532942321237,-0.0037947778225648184,-0.34148884102215765,63,Low density headroom,TRUE
27260,27260,12031,12031017101,2024,0,1,1,0,NA,2152.338909541512,6687.990704680111,0.48344780219780226,13.758856605842274,NA,NA,NA,NA,NA,NA,NA,NA,NA,NA,NA,NA,NA,NA,NA,NA,NA,NA,FALSE
27260,27260,12031,12031017102,2024,0,1,1,0,NA,3192.1663220767286,4093.371000147084,0.5254716117216117,10.566896721478292,NA,NA,NA,NA,NA,NA,NA,NA,NA,NA,NA,NA,NA,NA,NA,NA,NA,NA,FALSE
27260,27260,12031,12031017200,2024,1,1,1,1,0.36628175519630485,3131.733153031327,2413.85503304639,0.2783699633699634,14.235653364408476,0.36628175519630485,3131.733153031327,-2413.85503304639,-0.2783699633699634,14.235653364408476,2.071485540870862,1.185822194835037,-0.8813039671341557,0.7231562935654929,-1.027866567744458,0.8285942163483448,0.29645554870875923,-0.17626079342683115,0.0723156293565493,-0.05139332838722291,0.9697112725995992,6,High growth | High housing pipeline | Low density headroom | Moderate price pressure,TRUE
27260,27260,12031,12031017300,2024,1,1,1,1,0.39037205339392217,946.1410138562625,89.81291487125985,0.5170100732600733,25.669528980110346,0.39037205339392217,946.1410138562625,-89.81291487125985,-0.5170100732600733,25.669528980110346,2.3338486960760205,-0.5244378836105192,1.2937439445872378,-0.5322857855066198,1.071793006388173,0.9335394784304083,-0.1311094709026298,0.25874878891744757,-0.05322857855066198,0.053589650319408655,1.061539868213973,4,High growth | Low density headroom | High commute exposure,TRUE
27260,27260,12031,12031017400,2024,0,0,1,1,0.06053726825576996,3304.9114044476155,1326.6582593085643,0.07273809523809524,21.47030863137578,NA,NA,NA,NA,NA,NA,NA,NA,NA,NA,NA,NA,NA,NA,NA,NA,NA,NA,FALSE
27260,27260,12089,12089050102,2024,0,0,0,1,0.008310249307479225,449.9771062271062,631.0360766307155,0.7680906593406593,18.605941687331292,NA,NA,NA,NA,NA,NA,NA,NA,NA,NA,NA,NA,NA,NA,NA,NA,NA,NA,FALSE
27260,27260,12089,12089050103,2024,0,0,1,1,NA,363.07379698900894,2475.82178676879,0.4345695970695971,14.150126611824161,NA,NA,NA,NA,NA,NA,NA,NA,NA,NA,NA,NA,NA,NA,NA,NA,NA,NA,FALSE
27260,27260,12089,12089050104,2024,0,0,0,1,NA,394.441099739113,1842.8480343538447,0.912912087912088,15.466279267811682,NA,NA,NA,NA,NA,NA,NA,NA,NA,NA,NA,NA,NA,NA,NA,NA,NA,NA,FALSE
27260,27260,12089,12089050201,2024,0,1,0,1,0.27405405405405403,555.9326827888559,505.1047431362051,0.9908699633699634,7.0855234013002715,NA,NA,NA,NA,NA,NA,NA,NA,NA,NA,NA,NA,NA,NA,NA,NA,NA,NA,FALSE
27260,27260,12089,12089050203,2024,0,0,0,1,-0.07105674128058304,367.1429905669188,627.8732186947473,0.7097344322344322,13.424435828109374,NA,NA,NA,NA,NA,NA,NA,NA,NA,NA,NA,NA,NA,NA,NA,NA,NA,NA,FALSE
27260,27260,12089,12089050204,2024,0,0,1,1,NA,389.98015873015873,818.5474357140891,0.4252152014652015,19.908796471551025,NA,NA,NA,NA,NA,NA,NA,NA,NA,NA,NA,NA,NA,NA,NA,NA,NA,NA,FALSE
27260,27260,12089,12089050205,2024,0,0,0,1,NA,356.5532879818594,2047.0489101356407,0.8988095238095238,13.250294291839612,NA,NA,NA,NA,NA,NA,NA,NA,NA,NA,NA,NA,NA,NA,NA,NA,NA,NA,FALSE
27260,27260,12089,12089050304,2024,1,1,1,1,NA,182.42145807230034,1001.4599203899824,0.5086858974358974,20.54940684717229,NA,182.42145807230034,-1001.4599203899824,-0.5086858974358974,20.54940684717229,-0.14363030827039658,-1.1220603969667782,0.44054257612944914,-0.4884938152126173,0.13155945667311794,-0.05745212330815863,-0.28051509924169454,0.08810851522588983,-0.04884938152126173,0.006577972833655897,-0.2921301160115692,57,Low density headroom,TRUE
27260,27260,12089,12089050305,2024,0,0,1,1,NA,1233.8355304456998,203.07567188506547,0.14326007326007326,18.8468734375252,NA,NA,NA,NA,NA,NA,NA,NA,NA,NA,NA,NA,NA,NA,NA,NA,NA,NA,FALSE
27260,27260,12089,12089050306,2024,1,1,1,1,NA,129.36453088491788,199.90984598517898,0.6826877289377289,23.415175381378102,NA,129.36453088491788,-199.90984598517898,-0.6826877289377289,23.415175381378102,-0.14363030827039658,-1.1635782734392943,1.1907053213912453,-1.4038857047135367,0.6578148177013662,-0.05745212330815863,-0.2908945683598236,0.23814106427824908,-0.14038857047135367,0.03289074088506831,-0.2177034569760185,50,Low density headroom | High commute exposure,TRUE
27260,27260,12089,12089050307,2024,0,1,0,1,NA,239.46150097465886,80.68052738129425,0.8308379120879121,26.968489124044677,NA,NA,NA,NA,NA,NA,NA,NA,NA,NA,NA,NA,NA,NA,NA,NA,NA,NA,FALSE
27260,27260,12089,12089050308,2024,1,1,1,1,NA,140.3978713525483,342.1958316626202,0.5363141025641025,20.905704468857216,NA,140.3978713525483,-342.1958316626202,-0.5363141025641025,20.905704468857216,-0.14363030827039658,-1.1549445117252684,1.0575412820674028,-0.633840761721973,0.19698816499176452,-0.05745212330815863,-0.2887361279313171,0.2115082564134806,-0.06338407617219731,0.009849408249588227,-0.18821466274860424,49,Low density headroom,TRUE
27260,27260,12089,12089050309,2024,0,1,0,1,NA,187.32427924708125,403.66057628630296,0.7306364468864469,20.29258237049131,NA,NA,NA,NA,NA,NA,NA,NA,NA,NA,NA,NA,NA,NA,NA,NA,NA,NA,FALSE
27260,27260,12089,12089050310,2024,0,1,0,1,NA,248.7344975955454,1125.1837871008538,0.8330586080586081,25.947403158970804,NA,NA,NA,NA,NA,NA,NA,NA,NA,NA,NA,NA,NA,NA,NA,NA,NA,NA,FALSE
27260,27260,12089,12089050401,2024,0,0,1,1,NA,447.5182149362477,116.42345327703313,0.13597069597069597,27.013824753502483,NA,NA,NA,NA,NA,NA,NA,NA,NA,NA,NA,NA,NA,NA,NA,NA,NA,NA,FALSE
27260,27260,12089,12089050402,2024,0,0,1,1,NA,536.3623959612498,23.210541755918587,0.3425091575091575,28.082453923900122,NA,NA,NA,NA,NA,NA,NA,NA,NA,NA,NA,NA,NA,NA,NA,NA,NA,NA,FALSE
27260,27260,12089,12089050403,2024,1,1,1,1,NA,310.87386318703045,61.58471069656248,0.1569551282051282,27.22091752511854,NA,310.87386318703045,-61.58471069656248,-0.1569551282051282,27.22091752511854,-0.14363030827039658,-1.021544378213637,1.3201624402167538,1.3618975896524328,1.3566822181662734,-0.05745212330815863,-0.25538609455340927,0.2640324880433508,0.1361897589652433,0.06783411090831368,0.15521814005533985,27,Low density headroom | Moderate price pressure | High commute exposure,TRUE
27260,27260,12089,12089050504,2024,1,1,1,1,0.16622564349290353,270.28327832783276,42.32035771599634,0.19852106227106228,27.842465854415444,0.16622564349290353,270.28327832783276,-42.32035771599634,-0.19852106227106228,27.842465854415444,-0.10729000827412148,-1.053307146573357,1.3381917566363484,1.1432267940919532,1.47082023612776,-0.04291600330964859,-0.26332678664333925,0.2676383513272697,0.11432267940919533,0.073541011806388,0.14925925258986522,28,Low density headroom | Moderate price pressure | High commute exposure,TRUE
27260,27260,12089,12089050505,2024,0,0,1,1,NA,300.8802143130501,291.5856914088761,0.3566025641025641,24.241674878763227,NA,NA,NA,NA,NA,NA,NA,NA,NA,NA,NA,NA,NA,NA,NA,NA,NA,NA,FALSE
27260,27260,12089,12089050506,2024,0,0,1,1,NA,430.6057618578157,108.32654750416087,0.6309523809523809,25.791032109541387,NA,NA,NA,NA,NA,NA,NA,NA,NA,NA,NA,NA,NA,NA,NA,NA,NA,NA,FALSE
27260,27260,12089,12089050507,2024,1,1,1,1,NA,590.2402402402402,52.00762120695899,0.29736263736263735,30.04867548900958,NA,590.2402402402402,-52.00762120695899,-0.29736263736263735,30.04867548900958,-0.14363030827039658,-0.8029358128870746,1.329125543050315,0.6232393008374837,1.8759575086950613,-0.05745212330815863,-0.20073395322176865,0.26582510861006303,0.06232393008374837,0.09379787543475307,0.16376083759863716,25,Low density headroom | Moderate price pressure | High commute exposure,TRUE
27260,27260,12089,12089050508,2024,1,1,1,1,NA,495.58749369641953,73.1308587391859,0.14285714285714285,29.53550536022819,NA,495.58749369641953,-73.1308587391859,-0.14285714285714285,29.53550536022819,-0.14363030827039658,-0.877003069456831,1.3093565150606927,1.4360645184396896,1.7817215199306708,-0.05745212330815863,-0.21925076736420776,0.26187130301213857,0.14360645184396897,0.08908607599653355,0.2178609401802747,19,Low density headroom | Moderate price pressure | High commute exposure,TRUE
27260,27260,12089,12089050509,2024,0,0,1,1,NA,449.2058050508513,320.2025748901568,0.14747252747252745,28.207691326530615,NA,NA,NA,NA,NA,NA,NA,NA,NA,NA,NA,NA,NA,NA,NA,NA,NA,NA,FALSE
27260,27260,12109,12109020200,2024,0,0,1,1,0.06698756518251103,2536.215538847118,1279.227337773673,0.40824175824175823,11.69375,NA,NA,NA,NA,NA,NA,NA,NA,NA,NA,NA,NA,NA,NA,NA,NA,NA,NA,FALSE
27260,27260,12109,12109020300,2024,0,0,1,1,-0.23114186851211072,2024.102410241024,2326.391796306926,0.585837912087912,14.555770731609888,NA,NA,NA,NA,NA,NA,NA,NA,NA,NA,NA,NA,NA,NA,NA,NA,NA,NA,FALSE
27260,27260,12109,12109020400,2024,0,0,1,0,0.02019315188762072,1935.2648689998086,3661.4063581522832,0.6859752747252748,14.114849495607777,NA,NA,NA,NA,NA,NA,NA,NA,NA,NA,NA,NA,NA,NA,NA,NA,NA,NA,FALSE
27260,27260,12109,12109020500,2024,0,0,0,1,0.017727051966974258,1609.7192396404994,2416.755039879044,0.7479166666666667,15.212639265483636,NA,NA,NA,NA,NA,NA,NA,NA,NA,NA,NA,NA,NA,NA,NA,NA,NA,NA,FALSE
27260,27260,12109,12109020603,2024,0,1,0,1,NA,3660.5172725628504,1309.9313954868012,0.9501373626373626,13.282584868549463,NA,NA,NA,NA,NA,NA,NA,NA,NA,NA,NA,NA,NA,NA,NA,NA,NA,NA,FALSE
27260,27260,12109,12109020604,2024,0,1,0,1,NA,2366.3042207412605,164.65745739348816,0.9773260073260073,12.519574874441522,NA,NA,NA,NA,NA,NA,NA,NA,NA,NA,NA,NA,NA,NA,NA,NA,NA,NA,FALSE
27260,27260,12109,12109020605,2024,0,1,0,1,NA,320.5213480298999,933.881784400801,0.9611080586080586,9.178697190301273,NA,NA,NA,NA,NA,NA,NA,NA,NA,NA,NA,NA,NA,NA,NA,NA,NA,NA,FALSE
27260,27260,12109,12109020606,2024,0,1,0,1,NA,548.1704179193413,776.1659034199569,0.8236538461538462,14.205075552361949,NA,NA,NA,NA,NA,NA,NA,NA,NA,NA,NA,NA,NA,NA,NA,NA,NA,NA,FALSE
27260,27260,12109,12109020704,2024,0,1,0,1,-0.013462101258413814,2001.2854741421932,1864.175260669316,0.9864056776556777,11.755844887032744,NA,NA,NA,NA,NA,NA,NA,NA,NA,NA,NA,NA,NA,NA,NA,NA,NA,NA,FALSE
27260,27260,12109,12109020705,2024,0,0,0,1,-0.03952763654256192,1152.0377959927139,1516.2230660823045,0.8527838827838827,15.344387828773858,NA,NA,NA,NA,NA,NA,NA,NA,NA,NA,NA,NA,NA,NA,NA,NA,NA,NA,FALSE
27260,27260,12109,12109020706,2024,0,0,0,1,-0.009734513274336283,2009.6316155297388,1707.670716966396,0.9418406593406593,17.39271365960555,NA,NA,NA,NA,NA,NA,NA,NA,NA,NA,NA,NA,NA,NA,NA,NA,NA,NA,FALSE
27260,27260,12109,12109020707,2024,0,1,0,1,-0.13330786860198626,1486.631408843837,2919.4700567294926,0.7125778388278388,12.844820307958004,NA,NA,NA,NA,NA,NA,NA,NA,NA,NA,NA,NA,NA,NA,NA,NA,NA,NA,FALSE
27260,27260,12109,12109020708,2024,0,1,0,1,0.6157127621756132,742.1708837550422,474.53851799520584,0.9878937728937729,8.788258594955204,NA,NA,NA,NA,NA,NA,NA,NA,NA,NA,NA,NA,NA,NA,NA,NA,NA,NA,FALSE
27260,27260,12109,12109020710,2024,0,0,0,1,0.02467035304125904,2800.4704580047046,1832.1658365077672,0.9938461538461538,5.917436576058145,NA,NA,NA,NA,NA,NA,NA,NA,NA,NA,NA,NA,NA,NA,NA,NA,NA,NA,FALSE
27260,27260,12109,12109020712,2024,0,0,0,0,NA,2614.8578811369507,4762.181543177739,0.817651098901099,13.490853122654817,NA,NA,NA,NA,NA,NA,NA,NA,NA,NA,NA,NA,NA,NA,NA,NA,NA,NA,FALSE
27260,27260,12109,12109020713,2024,0,1,0,1,NA,2872.0022704697035,945.8740994749961,0.9846657509157509,5.846089948973538,NA,NA,NA,NA,NA,NA,NA,NA,NA,NA,NA,NA,NA,NA,NA,NA,NA,NA,FALSE
27260,27260,12109,12109020801,2024,0,1,0,1,0.05203856429318155,744.8750506054249,2140.2962091690956,0.8789880952380953,19.74279596532713,NA,NA,NA,NA,NA,NA,NA,NA,NA,NA,NA,NA,NA,NA,NA,NA,NA,NA,FALSE
27260,27260,12109,12109020802,2024,0,1,0,1,0.044521395003710114,1597.5215091956743,2334.0072596721466,0.7921245421245422,16.98306293341671,NA,NA,NA,NA,NA,NA,NA,NA,NA,NA,NA,NA,NA,NA,NA,NA,NA,NA,FALSE
27260,27260,12109,12109020803,2024,0,0,0,1,0.2808988764044944,1160.3600504529297,1906.4099625171364,0.8005952380952381,12.724116477727927,NA,NA,NA,NA,NA,NA,NA,NA,NA,NA,NA,NA,NA,NA,NA,NA,NA,NA,FALSE
27260,27260,12109,12109020804,2024,0,1,0,1,0.4074561403508772,1051.1582008933208,1603.5981176269001,0.9461263736263736,14.246721560345945,NA,NA,NA,NA,NA,NA,NA,NA,NA,NA,NA,NA,NA,NA,NA,NA,NA,NA,FALSE
27260,27260,12109,12109020807,2024,0,1,0,1,2.1668681983071343,858.6398540579526,613.4307737678473,0.9592673992673992,12.141104226850635,NA,NA,NA,NA,NA,NA,NA,NA,NA,NA,NA,NA,NA,NA,NA,NA,NA,NA,FALSE
27260,27260,12109,12109020808,2024,0,1,0,1,NA,498.65720550915313,2347.02449541149,0.9322298534798534,12.269926976584202,NA,NA,NA,NA,NA,NA,NA,NA,NA,NA,NA,NA,NA,NA,NA,NA,NA,NA,FALSE
27260,27260,12109,12109020809,2024,0,1,0,1,NA,685.2547824614863,2877.4355966365924,0.896717032967033,12.476401625314278,NA,NA,NA,NA,NA,NA,NA,NA,NA,NA,NA,NA,NA,NA,NA,NA,NA,NA,FALSE
27260,27260,12109,12109020810,2024,0,1,0,1,NA,702.8162655832205,950.3587979816923,0.8977014652014652,11.144686147162535,NA,NA,NA,NA,NA,NA,NA,NA,NA,NA,NA,NA,NA,NA,NA,NA,NA,NA,FALSE
27260,27260,12109,12109020811,2024,0,0,0,1,NA,2138.976960473473,536.8589722525318,0.9184844322344322,12.788673907504498,NA,NA,NA,NA,NA,NA,NA,NA,NA,NA,NA,NA,NA,NA,NA,NA,NA,NA,FALSE
27260,27260,12109,12109020903,2024,1,1,1,1,NA,1489.2568064753495,1760.9407185842529,0.6650091575091575,12.062973755577142,NA,1489.2568064753495,-1760.9407185842529,-0.6650091575091575,12.062973755577142,-0.14363030827039658,-0.09944126990548689,-0.270247951798696,-1.310881965821819,-1.4268465545426983,-0.05745212330815863,-0.024860317476371723,-0.0540495903597392,-0.1310881965821819,-0.07134232772713492,-0.33879255545358633,62,Low density headroom,TRUE
27260,27260,12109,12109020904,2024,0,1,0,1,NA,418.58493102521146,283.1466009278879,0.7911172161172162,12.684134310322024,NA,NA,NA,NA,NA,NA,NA,NA,NA,NA,NA,NA,NA,NA,NA,NA,NA,NA,FALSE
27260,27260,12109,12109020905,2024,0,1,0,1,NA,568.9267442514196,1126.647643190094,0.88625,21.769893626734845,NA,NA,NA,NA,NA,NA,NA,NA,NA,NA,NA,NA,NA,NA,NA,NA,NA,NA,FALSE
27260,27260,12109,12109020906,2024,0,1,0,1,NA,534.7442401183682,805.1885172930405,0.8368177655677655,19.743754838892656,NA,NA,NA,NA,NA,NA,NA,NA,NA,NA,NA,NA,NA,NA,NA,NA,NA,NA,FALSE
27260,27260,12109,12109020907,2024,0,1,0,1,NA,530.664149558195,1093.22328604944,0.9034523809523809,15.953267406127567,NA,NA,NA,NA,NA,NA,NA,NA,NA,NA,NA,NA,NA,NA,NA,NA,NA,NA,FALSE
27260,27260,12109,12109020908,2024,0,1,0,1,NA,545.7315429002858,453.1129411714689,0.9117994505494506,12.592508898024766,NA,NA,NA,NA,NA,NA,NA,NA,NA,NA,NA,NA,NA,NA,NA,NA,NA,NA,FALSE
27260,27260,12109,12109021002,2024,0,0,1,1,0.21425602660016624,1154.6009470021108,2742.5077778703876,0.35566849816849816,22.04520970985349,NA,NA,NA,NA,NA,NA,NA,NA,NA,NA,NA,NA,NA,NA,NA,NA,NA,NA,FALSE
27260,27260,12109,12109021003,2024,1,1,1,1,0.0474593325507295,1080.1046002775108,594.6350345231582,0.1859569597069597,14.9538726762517,0.0474593325507295,1080.1046002775108,-594.6350345231582,-0.1859569597069597,14.9538726762517,-1.4007527879896364,-0.41960927917193946,0.8212859419750463,1.2093242454047926,-0.8959763753789182,-0.5603011151958546,-0.10490231979298487,0.16425718839500927,0.12093242454047926,-0.04479881876894591,-0.4248126408222968,66,Low density headroom | Moderate price pressure,TRUE
27260,27260,12109,12109021004,2024,0,1,0,1,0.2533969886154976,1976.6578767457759,64.69741500139178,0.830613553113553,24.417738919983282,NA,NA,NA,NA,NA,NA,NA,NA,NA,NA,NA,NA,NA,NA,NA,NA,NA,NA,FALSE
27260,27260,12109,12109021101,2024,1,1,1,1,0.03774244277476848,1135.937587697143,63.9728981890583,0.2122893772893773,28.986154460091868,0.03774244277476848,1135.937587697143,-63.9728981890583,-0.2122893772893773,28.986154460091868,-1.5065777071952455,-0.37591909209056046,1.3179273592869682,1.0707942007618845,1.680841475770876,-0.6026310828780983,-0.09397977302264011,0.26358547185739367,0.10707942007618845,0.08404207378854381,-0.24190389017861255,53,Low density headroom | Moderate price pressure | High commute exposure,TRUE
27260,27260,12109,12109021102,2024,0,0,1,1,-0.07806324110671936,1446.159342622365,54.80777876213803,0.6181730769230769,14.33237393940628,NA,NA,NA,NA,NA,NA,NA,NA,NA,NA,NA,NA,NA,NA,NA,NA,NA,NA,FALSE
27260,27260,12109,12109021103,2024,1,1,1,1,0.49952874646559847,2120.15503875969,586.0737121608732,0.65507326007326,16.567892978516724,0.49952874646559847,2120.15503875969,-586.0737121608732,-0.65507326007326,16.567892978516724,3.5226548358389005,0.3942464776378581,0.8292983984533666,-1.2586110221815636,-0.599585781813136,1.4090619343355604,0.09856161940946452,0.16585967969067333,-0.12586110221815636,-0.029979289090656804,1.517642842126885,1,High growth | Low density headroom,TRUE
27260,27260,12109,12109021207,2024,1,1,1,1,NA,1357.4111334674715,409.6558359737772,0.6468040293040294,15.654725165028493,NA,1357.4111334674715,-409.6558359737772,-0.6468040293040294,15.654725165028493,-0.14363030827039658,-0.20261257392851031,0.9944061347504898,-1.215108107797093,-0.7672753393020496,-0.05745212330815863,-0.05065314348212758,0.19888122695009797,-0.12151081077970932,-0.038363766965102485,-0.06909861758500005,40,Low density headroom,TRUE
27260,27260,12109,12109021208,2024,0,0,1,1,NA,1284.7711547006918,1106.637268747808,0.6163324175824176,12.932835259136588,NA,NA,NA,NA,NA,NA,NA,NA,NA,NA,NA,NA,NA,NA,NA,NA,NA,NA,FALSE
27260,27260,12109,12109021209,2024,0,0,1,1,NA,2231.668320652773,84.85454791353582,0.5474130036630037,15.575664168904684,NA,NA,NA,NA,NA,NA,NA,NA,NA,NA,NA,NA,NA,NA,NA,NA,NA,NA,FALSE
27260,27260,12109,12109021210,2024,1,1,1,1,NA,1495.1979905437352,2713.021721266558,0.6903296703296703,13.898348083171523,NA,1495.1979905437352,-2713.021721266558,-0.6903296703296703,13.898348083171523,-0.14363030827039658,-0.09479220032442048,-1.1612910961887797,-1.4440885641308578,-1.0898076179148901,-0.05745212330815863,-0.02369805008110512,-0.23225821923775594,-0.1444088564130858,-0.05449038089574451,-0.51230762993585,71,Low density headroom,TRUE
27260,27260,12109,12109021211,2024,0,0,0,1,NA,1618.990480761539,738.3031806213423,0.7503067765567766,14.292148767858661,NA,NA,NA,NA,NA,NA,NA,NA,NA,NA,NA,NA,NA,NA,NA,NA,NA,NA,FALSE
27260,27260,12109,12109021301,2024,1,1,1,1,0.2738645635028556,720.1465983489894,1552.860080631679,0.5213049450549451,12.888525020414574,0.2738645635028556,720.1465983489894,-1552.860080631679,-0.5213049450549451,12.888525020414574,1.0649863348838013,-0.701282053145102,-0.07550735157077179,-0.5548803224349882,-1.2752464606276643,0.42599453395352055,-0.1753205132862755,-0.01510147031415436,-0.055488032243498825,-0.06376232303138323,0.11632219507820869,30,High growth | Low density headroom,TRUE
27260,27260,12109,12109021302,2024,0,0,1,1,-0.14347826086956522,1369.813874788494,1954.7897865747013,0.5081868131868131,15.022129275633834,NA,NA,NA,NA,NA,NA,NA,NA,NA,NA,NA,NA,NA,NA,NA,NA,NA,NA,FALSE
27260,27260,12109,12109021403,2024,0,1,0,1,0.2,3491.8909592822633,2002.6466705124471,0.779441391941392,6.113960250238314,NA,NA,NA,NA,NA,NA,NA,NA,NA,NA,NA,NA,NA,NA,NA,NA,NA,NA,FALSE
27260,27260,12109,12109021404,2024,0,0,0,1,-0.1265738899933731,2559.3070308548304,1676.5813664360721,0.7228205128205129,15.94953444485174,NA,NA,NA,NA,NA,NA,NA,NA,NA,NA,NA,NA,NA,NA,NA,NA,NA,NA,FALSE
27260,27260,12109,12109021408,2024,0,1,0,1,NA,1068.641427741697,851.3672533762731,0.7507142857142857,13.439887879215124,NA,NA,NA,NA,NA,NA,NA,NA,NA,NA,NA,NA,NA,NA,NA,NA,NA,NA,FALSE
27260,27260,12109,12109021409,2024,0,0,0,1,NA,2219.918832949435,3242.968785780457,0.8227472527472528,16.92324995574679,NA,NA,NA,NA,NA,NA,NA,NA,NA,NA,NA,NA,NA,NA,NA,NA,NA,NA,FALSE
27260,27260,12109,12109021410,2024,0,1,0,1,NA,2646.658820452465,2646.2720006920295,0.8497847985347986,10.305488643824674,NA,NA,NA,NA,NA,NA,NA,NA,NA,NA,NA,NA,NA,NA,NA,NA,NA,NA,FALSE
27260,27260,12109,12109990100,2024,0,0,0,0,NA,NA,NA,NA,NA,NA,NA,NA,NA,NA,NA,NA,NA,NA,NA,NA,NA,NA,NA,NA,NA,NA,NA,FALSE
